2026-09-16 08:17:22.661 +03:00 [INF] Now listening on: http://localhost:5250
2026-09-16 08:17:22.682 +03:00 [INF] Application started. Press Ctrl+C to shut down.
2026-09-16 08:17:22.682 +03:00 [INF] Hosting environment: Development
2026-09-16 08:17:22.682 +03:00 [INF] Content root path: D:\Universitate\Proiect Practica\FinSim\backend\FinSim\FinSimWeb.Api
2026-09-16 08:17:27.430 +03:00 [WRN] Failed to determine the https port for redirect.
2026-09-16 08:17:46.089 +03:00 [ERR] An error occurred using the connection to database 'finsim' on server 'tcp://localhost:5432'.
2026-09-16 08:17:46.112 +03:00 [ERR] An exception occurred while iterating over the results of a query for context type 'FinSim.DataAccessLayer.Context.AppDbContext'.
System.InvalidOperationException: An exception has been raised that is likely due to a transient failure.
 ---> Npgsql.NpgsqlException (0x80004005): Failed to connect to 127.0.0.1:5432
 ---> System.Net.Sockets.SocketException (10061): Подключение не установлено, т.к. конечный компьютер отверг запрос на подключение.
   at System.Net.Sockets.Socket.AwaitableSocketAsyncEventArgs.ThrowException(SocketError error, CancellationToken cancellationToken)
   at System.Net.Sockets.Socket.AwaitableSocketAsyncEventArgs.System.Threading.Tasks.Sources.IValueTaskSource.GetResult(Int16 token)
   at System.Net.Sockets.Socket.<ConnectAsync>g__WaitForConnectWithCancellation|285_0(AwaitableSocketAsyncEventArgs saea, ValueTask connectTask, CancellationToken cancellationToken)
   at Npgsql.TaskTimeoutAndCancellation.ExecuteAsync(Func`2 getTaskFunc, NpgsqlTimeout timeout, CancellationToken cancellationToken)
   at Npgsql.Internal.NpgsqlConnector.ConnectAsync(NpgsqlTimeout timeout, CancellationToken cancellationToken)
   at Npgsql.Internal.NpgsqlConnector.ConnectAsync(NpgsqlTimeout timeout, CancellationToken cancellationToken)
   at Npgsql.Internal.NpgsqlConnector.RawOpen(SslMode sslMode, NpgsqlTimeout timeout, Boolean async, CancellationToken cancellationToken, Boolean isFirstAttempt)
   at Npgsql.Internal.NpgsqlConnector.<Open>g__OpenCore|213_1(NpgsqlConnector conn, SslMode sslMode, NpgsqlTimeout timeout, Boolean async, CancellationToken cancellationToken, Boolean isFirstAttempt)
   at Npgsql.Internal.NpgsqlConnector.Open(NpgsqlTimeout timeout, Boolean async, CancellationToken cancellationToken)
   at Npgsql.PoolingDataSource.OpenNewConnector(NpgsqlConnection conn, NpgsqlTimeout timeout, Boolean async, CancellationToken cancellationToken)
   at Npgsql.PoolingDataSource.<Get>g__RentAsync|34_0(NpgsqlConnection conn, NpgsqlTimeout timeout, Boolean async, CancellationToken cancellationToken)
   at Npgsql.NpgsqlConnection.<Open>g__OpenAsync|42_0(Boolean async, CancellationToken cancellationToken)
   at Microsoft.EntityFrameworkCore.Storage.RelationalConnection.OpenInternalAsync(Boolean errorsExpected, CancellationToken cancellationToken)
   at Microsoft.EntityFrameworkCore.Storage.RelationalConnection.OpenInternalAsync(Boolean errorsExpected, CancellationToken cancellationToken)
   at Microsoft.EntityFrameworkCore.Storage.RelationalConnection.OpenAsync(CancellationToken cancellationToken, Boolean errorsExpected)
   at Microsoft.EntityFrameworkCore.Storage.RelationalCommand.ExecuteReaderAsync(RelationalCommandParameterObject parameterObject, CancellationToken cancellationToken)
   at Microsoft.EntityFrameworkCore.Query.Internal.SingleQueryingEnumerable`1.AsyncEnumerator.InitializeReaderAsync(AsyncEnumerator enumerator, CancellationToken cancellationToken)
   at Npgsql.EntityFrameworkCore.PostgreSQL.Storage.Internal.NpgsqlExecutionStrategy.ExecuteAsync[TState,TResult](TState state, Func`4 operation, Func`4 verifySucceeded, CancellationToken cancellationToken)
   --- End of inner exception stack trace ---
   at Npgsql.EntityFrameworkCore.PostgreSQL.Storage.Internal.NpgsqlExecutionStrategy.ExecuteAsync[TState,TResult](TState state, Func`4 operation, Func`4 verifySucceeded, CancellationToken cancellationToken)
   at Microsoft.EntityFrameworkCore.Query.Internal.SingleQueryingEnumerable`1.AsyncEnumerator.MoveNextAsync()
System.InvalidOperationException: An exception has been raised that is likely due to a transient failure.
 ---> Npgsql.NpgsqlException (0x80004005): Failed to connect to 127.0.0.1:5432
 ---> System.Net.Sockets.SocketException (10061): Подключение не установлено, т.к. конечный компьютер отверг запрос на подключение.
   at System.Net.Sockets.Socket.AwaitableSocketAsyncEventArgs.ThrowException(SocketError error, CancellationToken cancellationToken)
   at System.Net.Sockets.Socket.AwaitableSocketAsyncEventArgs.System.Threading.Tasks.Sources.IValueTaskSource.GetResult(Int16 token)
   at System.Net.Sockets.Socket.<ConnectAsync>g__WaitForConnectWithCancellation|285_0(AwaitableSocketAsyncEventArgs saea, ValueTask connectTask, CancellationToken cancellationToken)
   at Npgsql.TaskTimeoutAndCancellation.ExecuteAsync(Func`2 getTaskFunc, NpgsqlTimeout timeout, CancellationToken cancellationToken)
   at Npgsql.Internal.NpgsqlConnector.ConnectAsync(NpgsqlTimeout timeout, CancellationToken cancellationToken)
   at Npgsql.Internal.NpgsqlConnector.ConnectAsync(NpgsqlTimeout timeout, CancellationToken cancellationToken)
   at Npgsql.Internal.NpgsqlConnector.RawOpen(SslMode sslMode, NpgsqlTimeout timeout, Boolean async, CancellationToken cancellationToken, Boolean isFirstAttempt)
   at Npgsql.Internal.NpgsqlConnector.<Open>g__OpenCore|213_1(NpgsqlConnector conn, SslMode sslMode, NpgsqlTimeout timeout, Boolean async, CancellationToken cancellationToken, Boolean isFirstAttempt)
   at Npgsql.Internal.NpgsqlConnector.Open(NpgsqlTimeout timeout, Boolean async, CancellationToken cancellationToken)
   at Npgsql.PoolingDataSource.OpenNewConnector(NpgsqlConnection conn, NpgsqlTimeout timeout, Boolean async, CancellationToken cancellationToken)
   at Npgsql.PoolingDataSource.<Get>g__RentAsync|34_0(NpgsqlConnection conn, NpgsqlTimeout timeout, Boolean async, CancellationToken cancellationToken)
   at Npgsql.NpgsqlConnection.<Open>g__OpenAsync|42_0(Boolean async, CancellationToken cancellationToken)
   at Microsoft.EntityFrameworkCore.Storage.RelationalConnection.OpenInternalAsync(Boolean errorsExpected, CancellationToken cancellationToken)
   at Microsoft.EntityFrameworkCore.Storage.RelationalConnection.OpenInternalAsync(Boolean errorsExpected, CancellationToken cancellationToken)
   at Microsoft.EntityFrameworkCore.Storage.RelationalConnection.OpenAsync(CancellationToken cancellationToken, Boolean errorsExpected)
   at Microsoft.EntityFrameworkCore.Storage.RelationalCommand.ExecuteReaderAsync(RelationalCommandParameterObject parameterObject, CancellationToken cancellationToken)
   at Microsoft.EntityFrameworkCore.Query.Internal.SingleQueryingEnumerable`1.AsyncEnumerator.InitializeReaderAsync(AsyncEnumerator enumerator, CancellationToken cancellationToken)
   at Npgsql.EntityFrameworkCore.PostgreSQL.Storage.Internal.NpgsqlExecutionStrategy.ExecuteAsync[TState,TResult](TState state, Func`4 operation, Func`4 verifySucceeded, CancellationToken cancellationToken)
   --- End of inner exception stack trace ---
   at Npgsql.EntityFrameworkCore.PostgreSQL.Storage.Internal.NpgsqlExecutionStrategy.ExecuteAsync[TState,TResult](TState state, Func`4 operation, Func`4 verifySucceeded, CancellationToken cancellationToken)
   at Microsoft.EntityFrameworkCore.Query.Internal.SingleQueryingEnumerable`1.AsyncEnumerator.MoveNextAsync()
2026-09-16 08:17:46.125 +03:00 [ERR] Unhandled exception on GET /api/scenarios/list
System.InvalidOperationException: An exception has been raised that is likely due to a transient failure.
 ---> Npgsql.NpgsqlException (0x80004005): Failed to connect to 127.0.0.1:5432
 ---> System.Net.Sockets.SocketException (10061): Подключение не установлено, т.к. конечный компьютер отверг запрос на подключение.
   at System.Net.Sockets.Socket.AwaitableSocketAsyncEventArgs.ThrowException(SocketError error, CancellationToken cancellationToken)
   at System.Net.Sockets.Socket.AwaitableSocketAsyncEventArgs.System.Threading.Tasks.Sources.IValueTaskSource.GetResult(Int16 token)
   at System.Net.Sockets.Socket.<ConnectAsync>g__WaitForConnectWithCancellation|285_0(AwaitableSocketAsyncEventArgs saea, ValueTask connectTask, CancellationToken cancellationToken)
   at Npgsql.TaskTimeoutAndCancellation.ExecuteAsync(Func`2 getTaskFunc, NpgsqlTimeout timeout, CancellationToken cancellationToken)
   at Npgsql.Internal.NpgsqlConnector.ConnectAsync(NpgsqlTimeout timeout, CancellationToken cancellationToken)
   at Npgsql.Internal.NpgsqlConnector.ConnectAsync(NpgsqlTimeout timeout, CancellationToken cancellationToken)
   at Npgsql.Internal.NpgsqlConnector.RawOpen(SslMode sslMode, NpgsqlTimeout timeout, Boolean async, CancellationToken cancellationToken, Boolean isFirstAttempt)
   at Npgsql.Internal.NpgsqlConnector.<Open>g__OpenCore|213_1(NpgsqlConnector conn, SslMode sslMode, NpgsqlTimeout timeout, Boolean async, CancellationToken cancellationToken, Boolean isFirstAttempt)
   at Npgsql.Internal.NpgsqlConnector.Open(NpgsqlTimeout timeout, Boolean async, CancellationToken cancellationToken)
   at Npgsql.PoolingDataSource.OpenNewConnector(NpgsqlConnection conn, NpgsqlTimeout timeout, Boolean async, CancellationToken cancellationToken)
   at Npgsql.PoolingDataSource.<Get>g__RentAsync|34_0(NpgsqlConnection conn, NpgsqlTimeout timeout, Boolean async, CancellationToken cancellationToken)
   at Npgsql.NpgsqlConnection.<Open>g__OpenAsync|42_0(Boolean async, CancellationToken cancellationToken)
   at Microsoft.EntityFrameworkCore.Storage.RelationalConnection.OpenInternalAsync(Boolean errorsExpected, CancellationToken cancellationToken)
   at Microsoft.EntityFrameworkCore.Storage.RelationalConnection.OpenInternalAsync(Boolean errorsExpected, CancellationToken cancellationToken)
   at Microsoft.EntityFrameworkCore.Storage.RelationalConnection.OpenAsync(CancellationToken cancellationToken, Boolean errorsExpected)
   at Microsoft.EntityFrameworkCore.Storage.RelationalCommand.ExecuteReaderAsync(RelationalCommandParameterObject parameterObject, CancellationToken cancellationToken)
   at Microsoft.EntityFrameworkCore.Query.Internal.SingleQueryingEnumerable`1.AsyncEnumerator.InitializeReaderAsync(AsyncEnumerator enumerator, CancellationToken cancellationToken)
   at Npgsql.EntityFrameworkCore.PostgreSQL.Storage.Internal.NpgsqlExecutionStrategy.ExecuteAsync[TState,TResult](TState state, Func`4 operation, Func`4 verifySucceeded, CancellationToken cancellationToken)
   --- End of inner exception stack trace ---
   at Npgsql.EntityFrameworkCore.PostgreSQL.Storage.Internal.NpgsqlExecutionStrategy.ExecuteAsync[TState,TResult](TState state, Func`4 operation, Func`4 verifySucceeded, CancellationToken cancellationToken)
   at Microsoft.EntityFrameworkCore.Query.Internal.SingleQueryingEnumerable`1.AsyncEnumerator.MoveNextAsync()
   at Microsoft.EntityFrameworkCore.EntityFrameworkQueryableExtensions.ToListAsync[TSource](IQueryable`1 source, CancellationToken cancellationToken)
   at Microsoft.EntityFrameworkCore.EntityFrameworkQueryableExtensions.ToListAsync[TSource](IQueryable`1 source, CancellationToken cancellationToken)
   at FinSim.BusinessLayer.Structure.ScenarioAction.GetScenarioListActionAsync() in D:\Universitate\Proiect Practica\FinSim\backend\FinSim\FinSimWeb.BusinessLayer\Structure\ScenarioAction.cs:line 78
   at FinSim.BusinessLayer.Core.ScenarioLogic.GetScenarioListAsync() in D:\Universitate\Proiect Practica\FinSim\backend\FinSim\FinSimWeb.BusinessLayer\Core\ScenarioLogic.cs:line 31
   at FinSim.Api.Controllers.ScenarioController.GetScenarioList() in D:\Universitate\Proiect Practica\FinSim\backend\FinSim\FinSimWeb.Api\Controllers\ScenarioController.cs:line 36
   at Microsoft.AspNetCore.Mvc.Infrastructure.ActionMethodExecutor.TaskOfIActionResultExecutor.Execute(ActionContext actionContext, IActionResultTypeMapper mapper, ObjectMethodExecutor executor, Object controller, Object[] arguments)
   at Microsoft.AspNetCore.Mvc.Infrastructure.ControllerActionInvoker.<InvokeActionMethodAsync>g__Awaited|12_0(ControllerActionInvoker invoker, ValueTask`1 actionResultValueTask)
   at Microsoft.AspNetCore.Mvc.Infrastructure.ControllerActionInvoker.<InvokeNextActionFilterAsync>g__Awaited|10_0(ControllerActionInvoker invoker, Task lastTask, State next, Scope scope, Object state, Boolean isCompleted)
   at Microsoft.AspNetCore.Mvc.Infrastructure.ControllerActionInvoker.Rethrow(ActionExecutedContextSealed context)
   at Microsoft.AspNetCore.Mvc.Infrastructure.ControllerActionInvoker.Next(State& next, Scope& scope, Object& state, Boolean& isCompleted)
   at Microsoft.AspNetCore.Mvc.Infrastructure.ControllerActionInvoker.<InvokeInnerFilterAsync>g__Awaited|13_0(ControllerActionInvoker invoker, Task lastTask, State next, Scope scope, Object state, Boolean isCompleted)
   at Microsoft.AspNetCore.Mvc.Infrastructure.ResourceInvoker.<InvokeFilterPipelineAsync>g__Awaited|20_0(ResourceInvoker invoker, Task lastTask, State next, Scope scope, Object state, Boolean isCompleted)
   at Microsoft.AspNetCore.Mvc.Infrastructure.ResourceInvoker.<InvokeAsync>g__Awaited|17_0(ResourceInvoker invoker, Task task, IDisposable scope)
   at Microsoft.AspNetCore.Mvc.Infrastructure.ResourceInvoker.<InvokeAsync>g__Awaited|17_0(ResourceInvoker invoker, Task task, IDisposable scope)
   at Microsoft.AspNetCore.Authorization.AuthorizationMiddleware.Invoke(HttpContext context)
   at Microsoft.AspNetCore.Authentication.AuthenticationMiddleware.Invoke(HttpContext context)
   at Swashbuckle.AspNetCore.SwaggerUI.SwaggerUIMiddleware.Invoke(HttpContext httpContext)
   at Swashbuckle.AspNetCore.Swagger.SwaggerMiddleware.Invoke(HttpContext httpContext, ISwaggerProvider swaggerProvider)
   at FinSim.Api.Middleware.ExceptionHandlingMiddleware.InvokeAsync(HttpContext context) in D:\Universitate\Proiect Practica\FinSim\backend\FinSim\FinSimWeb.Api\Middleware\ExceptionHandlingMiddleware.cs:line 18
2026-09-16 08:17:59.121 +03:00 [INF] Executed DbCommand (13ms) [Parameters=[], CommandType='"Text"', CommandTimeout='30']
SELECT s."Id", s."Description", s."Difficulty", s."InitialBalance", s."InitialCreditScore", s."InitialStress", s."IsDeleted", s."Name", s."RequiresAccount", s."Slug", s."StepsJson"
FROM "Scenarios" AS s
WHERE NOT (s."IsDeleted")
2026-09-16 08:17:59.292 +03:00 [INF] Executed DbCommand (7ms) [Parameters=[@__data_Email_0='?'], CommandType='"Text"', CommandTimeout='30']
SELECT u."Id", u."BirthDate", u."CompletedScenarios", u."Email", u."FirstName", u."IsDeleted", u."LastName", u."Password", u."RegisteredAt", u."Role", u."Status", u."TotalScore"
FROM "Users" AS u
WHERE u."Email" = @__data_Email_0 AND NOT (u."IsDeleted")
LIMIT 1
2026-09-16 08:17:59.636 +03:00 [INF] Executed DbCommand (10ms) [Parameters=[@p0='?' (DbType = DateTime), @p1='?' (DbType = DateTime), @p2='?' (DbType = DateTime), @p3='?', @p4='?' (DbType = Int32)], CommandType='"Text"', CommandTimeout='30']
INSERT INTO "RefreshTokens" ("CreatedAt", "ExpiresAt", "RevokedAt", "Token", "UserId")
VALUES (@p0, @p1, @p2, @p3, @p4)
RETURNING "Id";
2026-09-16 08:26:11.683 +03:00 [INF] Now listening on: https://localhost:7015
2026-09-16 08:26:11.717 +03:00 [INF] Now listening on: http://localhost:5070
2026-09-16 08:26:11.722 +03:00 [INF] Application started. Press Ctrl+C to shut down.
2026-09-16 08:26:11.724 +03:00 [INF] Hosting environment: Development
2026-09-16 08:26:11.726 +03:00 [INF] Content root path: D:\Universitate\Proiect Practica\FinSim\backend\FinSim\FinSimWeb.Api
2026-09-16 08:26:23.564 +03:00 [INF] Application is shutting down...
2026-09-16 08:33:42.629 +03:00 [INF] Now listening on: http://localhost:5070
2026-09-16 08:33:42.659 +03:00 [INF] Application started. Press Ctrl+C to shut down.
2026-09-16 08:33:42.660 +03:00 [INF] Hosting environment: Development
2026-09-16 08:33:42.661 +03:00 [INF] Content root path: D:\Universitate\Proiect Practica\FinSim\backend\FinSim\FinSimWeb.Api
2026-09-16 08:33:47.421 +03:00 [WRN] Failed to determine the https port for redirect.
2026-09-16 08:36:50.949 +03:00 [INF] Executed DbCommand (13ms) [Parameters=[], CommandType='"Text"', CommandTimeout='30']
SELECT l."Id", l."FirstName", l."IsDeleted", l."LastName", l."Score", l."UserId"
FROM "Leaderboard" AS l
WHERE NOT (l."IsDeleted")
ORDER BY l."Score" DESC
2026-09-16 08:44:17.056 +03:00 [INF] Application is shutting down...
2026-09-16 08:44:34.810 +03:00 [INF] Now listening on: http://localhost:5250
2026-09-16 08:44:34.836 +03:00 [INF] Application started. Press Ctrl+C to shut down.
2026-09-16 08:44:34.836 +03:00 [INF] Hosting environment: Development
2026-09-16 08:44:34.836 +03:00 [INF] Content root path: D:\Universitate\Proiect Practica\FinSim\backend\FinSim\FinSimWeb.Api
2026-09-16 08:44:41.181 +03:00 [WRN] Failed to determine the https port for redirect.
2026-09-16 08:44:41.206 +03:00 [INF] HTTP GET /api/health/check responded 200 in 33.6796 ms
2026-09-16 08:44:48.079 +03:00 [INF] Executed DbCommand (26ms) [Parameters=[@__data_Email_0='?'], CommandType='"Text"', CommandTimeout='30']
SELECT u."Id", u."BirthDate", u."CompletedScenarios", u."Email", u."FirstName", u."IsDeleted", u."LastName", u."Password", u."RegisteredAt", u."Role", u."Status", u."TotalScore"
FROM "Users" AS u
WHERE u."Email" = @__data_Email_0 AND NOT (u."IsDeleted")
LIMIT 1
2026-09-16 08:44:48.385 +03:00 [INF] Executed DbCommand (4ms) [Parameters=[@p0='?' (DbType = DateTime), @p1='?' (DbType = DateTime), @p2='?' (DbType = DateTime), @p3='?', @p4='?' (DbType = Int32)], CommandType='"Text"', CommandTimeout='30']
INSERT INTO "RefreshTokens" ("CreatedAt", "ExpiresAt", "RevokedAt", "Token", "UserId")
VALUES (@p0, @p1, @p2, @p3, @p4)
RETURNING "Id";
2026-09-16 08:44:48.402 +03:00 [INF] HTTP POST /api/session/login responded 200 in 960.0061 ms
2026-09-16 08:44:50.998 +03:00 [ERR] Failed executing DbCommand (24ms) [Parameters=[], CommandType='"Text"', CommandTimeout='30']
SELECT s."Id", s."Description", s."Difficulty", s."InitialBalance", s."InitialCreditScore", s."InitialStress", s."IsDeleted", s."Name", s."RequiresAccount", s."Slug", s."StepsJson"
FROM "Scenarios" AS s
WHERE NOT (s."IsDeleted")
2026-09-16 08:44:51.004 +03:00 [ERR] An exception occurred while iterating over the results of a query for context type 'FinSim.DataAccessLayer.Context.AppDbContext'.
System.InvalidOperationException: An exception has been raised that is likely due to a transient failure.
 ---> Npgsql.NpgsqlException (0x80004005): Exception while reading from stream
 ---> System.IO.IOException: Unable to read data from the transport connection: Программа на вашем хост-компьютере разорвала установленное подключение..
 ---> System.Net.Sockets.SocketException (10053): Программа на вашем хост-компьютере разорвала установленное подключение.
   at System.Net.Sockets.Socket.AwaitableSocketAsyncEventArgs.CreateException(SocketError error, Boolean forAsyncThrow)
   at System.Net.Sockets.Socket.AwaitableSocketAsyncEventArgs.ReceiveAsync(Socket socket, CancellationToken cancellationToken)
   at System.Net.Sockets.Socket.ReceiveAsync(Memory`1 buffer, SocketFlags socketFlags, Boolean fromNetworkStream, CancellationToken cancellationToken)
   at System.Net.Sockets.NetworkStream.ReadAsync(Memory`1 buffer, CancellationToken cancellationToken)
   at Npgsql.Internal.NpgsqlReadBuffer.<Ensure>g__EnsureLong|54_0(NpgsqlReadBuffer buffer, Int32 count, Boolean async, Boolean readingNotifications)
   at System.Runtime.CompilerServices.AsyncMethodBuilderCore.Start[TStateMachine](TStateMachine& stateMachine)
   at Npgsql.Internal.NpgsqlReadBuffer.<Ensure>g__EnsureLong|54_0(NpgsqlReadBuffer buffer, Int32 count, Boolean async, Boolean readingNotifications)
   at Npgsql.Internal.NpgsqlReadBuffer.Ensure(Int32 count, Boolean async, Boolean readingNotifications)
   at Npgsql.Internal.NpgsqlConnector.ReadMessageLong(Boolean async, DataRowLoadingMode dataRowLoadingMode, Boolean readingNotifications, Boolean isReadingPrependedMessage)
   at System.Runtime.CompilerServices.AsyncMethodBuilderCore.Start[TStateMachine](TStateMachine& stateMachine)
   at Npgsql.Internal.NpgsqlConnector.ReadMessageLong(Boolean async, DataRowLoadingMode dataRowLoadingMode, Boolean readingNotifications, Boolean isReadingPrependedMessage)
   at Npgsql.Internal.NpgsqlConnector.ReadMessageLong(Boolean async, DataRowLoadingMode dataRowLoadingMode, Boolean readingNotifications, Boolean isReadingPrependedMessage)
   at System.Runtime.CompilerServices.AsyncMethodBuilderCore.Start[TStateMachine](TStateMachine& stateMachine)
   at Npgsql.Internal.NpgsqlConnector.ReadMessageLong(Boolean async, DataRowLoadingMode dataRowLoadingMode, Boolean readingNotifications, Boolean isReadingPrependedMessage)
   at Npgsql.Internal.NpgsqlConnector.ReadMessage(Boolean async, DataRowLoadingMode dataRowLoadingMode)
   at Npgsql.NpgsqlDataReader.NextResult(Boolean async, Boolean isConsuming, CancellationToken cancellationToken)
   at System.Runtime.CompilerServices.AsyncMethodBuilderCore.Start[TStateMachine](TStateMachine& stateMachine)
   at Npgsql.NpgsqlDataReader.NextResult(Boolean async, Boolean isConsuming, CancellationToken cancellationToken)
   at Npgsql.NpgsqlDataReader.NextResultAsync(CancellationToken cancellationToken)
   at Npgsql.NpgsqlCommand.ExecuteReader(Boolean async, CommandBehavior behavior, CancellationToken cancellationToken)
   at System.Runtime.CompilerServices.AsyncMethodBuilderCore.Start[TStateMachine](TStateMachine& stateMachine)
   at Npgsql.NpgsqlCommand.ExecuteReader(Boolean async, CommandBehavior behavior, CancellationToken cancellationToken)
   at Npgsql.NpgsqlCommand.ExecuteReaderAsync(CommandBehavior behavior, CancellationToken cancellationToken)
   at Npgsql.NpgsqlCommand.ExecuteDbDataReaderAsync(CommandBehavior behavior, CancellationToken cancellationToken)
   at System.Runtime.CompilerServices.AsyncMethodBuilderCore.Start[TStateMachine](TStateMachine& stateMachine)
   at Npgsql.NpgsqlCommand.ExecuteDbDataReaderAsync(CommandBehavior behavior, CancellationToken cancellationToken)
   at Microsoft.EntityFrameworkCore.Storage.RelationalCommand.ExecuteReaderAsync(RelationalCommandParameterObject parameterObject, CancellationToken cancellationToken)
   at System.Runtime.CompilerServices.AsyncMethodBuilderCore.Start[TStateMachine](TStateMachine& stateMachine)
   at Microsoft.EntityFrameworkCore.Storage.RelationalCommand.ExecuteReaderAsync(RelationalCommandParameterObject parameterObject, CancellationToken cancellationToken)
   at Microsoft.EntityFrameworkCore.Query.Internal.SingleQueryingEnumerable`1.AsyncEnumerator.InitializeReaderAsync(AsyncEnumerator enumerator, CancellationToken cancellationToken)
   at System.Runtime.CompilerServices.AsyncMethodBuilderCore.Start[TStateMachine](TStateMachine& stateMachine)
   at Microsoft.EntityFrameworkCore.Query.Internal.SingleQueryingEnumerable`1.AsyncEnumerator.InitializeReaderAsync(AsyncEnumerator enumerator, CancellationToken cancellationToken)
   at Microsoft.EntityFrameworkCore.Query.Internal.SingleQueryingEnumerable`1.AsyncEnumerator.<>c.<MoveNextAsync>b__20_0(DbContext _, AsyncEnumerator enumerator, CancellationToken cancellationToken)
   at Npgsql.EntityFrameworkCore.PostgreSQL.Storage.Internal.NpgsqlExecutionStrategy.ExecuteAsync[TState,TResult](TState state, Func`4 operation, Func`4 verifySucceeded, CancellationToken cancellationToken)
   at System.Runtime.CompilerServices.AsyncMethodBuilderCore.Start[TStateMachine](TStateMachine& stateMachine)
   at Npgsql.EntityFrameworkCore.PostgreSQL.Storage.Internal.NpgsqlExecutionStrategy.ExecuteAsync[TState,TResult](TState state, Func`4 operation, Func`4 verifySucceeded, CancellationToken cancellationToken)
   at Microsoft.EntityFrameworkCore.Query.Internal.SingleQueryingEnumerable`1.AsyncEnumerator.MoveNextAsync()
   at System.Runtime.CompilerServices.AsyncMethodBuilderCore.Start[TStateMachine](TStateMachine& stateMachine)
   at Microsoft.EntityFrameworkCore.Query.Internal.SingleQueryingEnumerable`1.AsyncEnumerator.MoveNextAsync()
   at System.Runtime.CompilerServices.ConfiguredCancelableAsyncEnumerable`1.Enumerator.MoveNextAsync()
   at Microsoft.EntityFrameworkCore.EntityFrameworkQueryableExtensions.ToListAsync[TSource](IQueryable`1 source, CancellationToken cancellationToken)
   at System.Runtime.CompilerServices.AsyncMethodBuilderCore.Start[TStateMachine](TStateMachine& stateMachine)
   at Microsoft.EntityFrameworkCore.EntityFrameworkQueryableExtensions.ToListAsync[TSource](IQueryable`1 source, CancellationToken cancellationToken)
   at FinSim.BusinessLayer.Structure.ScenarioAction.GetScenarioListActionAsync() in D:\Universitate\Proiect Practica\FinSim\backend\FinSim\FinSimWeb.BusinessLayer\Structure\ScenarioAction.cs:line 78
   at System.Runtime.CompilerServices.AsyncMethodBuilderCore.Start[TStateMachine](TStateMachine& stateMachine)
   at FinSim.BusinessLayer.Structure.ScenarioAction.GetScenarioListActionAsync()
   at FinSim.BusinessLayer.Core.ScenarioLogic.GetScenarioListAsync() in D:\Universitate\Proiect Practica\FinSim\backend\FinSim\FinSimWeb.BusinessLayer\Core\ScenarioLogic.cs:line 31
   at System.Runtime.CompilerServices.AsyncMethodBuilderCore.Start[TStateMachine](TStateMachine& stateMachine)
   at FinSim.BusinessLayer.Core.ScenarioLogic.GetScenarioListAsync()
   at FinSim.Api.Controllers.ScenarioController.GetScenarioList() in D:\Universitate\Proiect Practica\FinSim\backend\FinSim\FinSimWeb.Api\Controllers\ScenarioController.cs:line 36
   at System.Runtime.CompilerServices.AsyncMethodBuilderCore.Start[TStateMachine](TStateMachine& stateMachine)
   at FinSim.Api.Controllers.ScenarioController.GetScenarioList()
   at lambda_method251(Closure, Object, Object[])
   at Microsoft.AspNetCore.Mvc.Infrastructure.ActionMethodExecutor.TaskOfIActionResultExecutor.Execute(ActionContext actionContext, IActionResultTypeMapper mapper, ObjectMethodExecutor executor, Object controller, Object[] arguments)
   at System.Runtime.CompilerServices.AsyncMethodBuilderCore.Start[TStateMachine](TStateMachine& stateMachine)
   at Microsoft.AspNetCore.Mvc.Infrastructure.ActionMethodExecutor.TaskOfIActionResultExecutor.Execute(ActionContext actionContext, IActionResultTypeMapper mapper, ObjectMethodExecutor executor, Object controller, Object[] arguments)
   at Microsoft.AspNetCore.Mvc.Infrastructure.ControllerActionInvoker.InvokeActionMethodAsync()
   at Microsoft.AspNetCore.Mvc.Infrastructure.ControllerActionInvoker.Next(State& next, Scope& scope, Object& state, Boolean& isCompleted)
   at Microsoft.AspNetCore.Mvc.Infrastructure.ControllerActionInvoker.InvokeNextActionFilterAsync()
   at Microsoft.AspNetCore.Mvc.Infrastructure.ControllerActionInvoker.Next(State& next, Scope& scope, Object& state, Boolean& isCompleted)
   at Microsoft.AspNetCore.Mvc.Infrastructure.ControllerActionInvoker.InvokeNextActionFilterAsync()
   at Microsoft.AspNetCore.Mvc.Infrastructure.ControllerActionInvoker.Next(State& next, Scope& scope, Object& state, Boolean& isCompleted)
   at Microsoft.AspNetCore.Mvc.Infrastructure.ControllerActionInvoker.InvokeInnerFilterAsync()
   at Microsoft.AspNetCore.Mvc.Infrastructure.ResourceInvoker.Next(State& next, Scope& scope, Object& state, Boolean& isCompleted)
   at Microsoft.AspNetCore.Mvc.Infrastructure.ResourceInvoker.InvokeFilterPipelineAsync()
   at Microsoft.AspNetCore.Mvc.Infrastructure.ResourceInvoker.InvokeAsync()
   at Microsoft.AspNetCore.Mvc.Routing.ControllerRequestDelegateFactory.<>c__DisplayClass12_0.<CreateRequestDelegate>b__0(HttpContext context)
   at Microsoft.AspNetCore.Authorization.AuthorizationMiddleware.Invoke(HttpContext context)
   at System.Runtime.CompilerServices.AsyncMethodBuilderCore.Start[TStateMachine](TStateMachine& stateMachine)
   at Microsoft.AspNetCore.Authorization.AuthorizationMiddleware.Invoke(HttpContext context)
   at Microsoft.AspNetCore.Authentication.AuthenticationMiddleware.Invoke(HttpContext context)
   at System.Runtime.CompilerServices.AsyncMethodBuilderCore.Start[TStateMachine](TStateMachine& stateMachine)
   at Microsoft.AspNetCore.Authentication.AuthenticationMiddleware.Invoke(HttpContext context)
   at Microsoft.AspNetCore.StaticFiles.StaticFileMiddleware.Invoke(HttpContext context)
   at Microsoft.AspNetCore.HttpsPolicy.HttpsRedirectionMiddleware.Invoke(HttpContext context)
   at Microsoft.AspNetCore.StaticFiles.StaticFileMiddleware.Invoke(HttpContext context)
   at Swashbuckle.AspNetCore.SwaggerUI.SwaggerUIMiddleware.Invoke(HttpContext httpContext)
   at System.Runtime.CompilerServices.AsyncMethodBuilderCore.Start[TStateMachine](TStateMachine& stateMachine)
   at Swashbuckle.AspNetCore.SwaggerUI.SwaggerUIMiddleware.Invoke(HttpContext httpContext)
   at Swashbuckle.AspNetCore.Swagger.SwaggerMiddleware.Invoke(HttpContext httpContext, ISwaggerProvider swaggerProvider)
   at System.Runtime.CompilerServices.AsyncMethodBuilderCore.Start[TStateMachine](TStateMachine& stateMachine)
   at Swashbuckle.AspNetCore.Swagger.SwaggerMiddleware.Invoke(HttpContext httpContext, ISwaggerProvider swaggerProvider)
   at Serilog.AspNetCore.RequestLoggingMiddleware.Invoke(HttpContext httpContext)
   at System.Runtime.CompilerServices.AsyncMethodBuilderCore.Start[TStateMachine](TStateMachine& stateMachine)
   at Serilog.AspNetCore.RequestLoggingMiddleware.Invoke(HttpContext httpContext)
   at FinSim.Api.Middleware.ExceptionHandlingMiddleware.InvokeAsync(HttpContext context) in D:\Universitate\Proiect Practica\FinSim\backend\FinSim\FinSimWeb.Api\Middleware\ExceptionHandlingMiddleware.cs:line 20
   at System.Runtime.CompilerServices.AsyncMethodBuilderCore.Start[TStateMachine](TStateMachine& stateMachine)
   at FinSim.Api.Middleware.ExceptionHandlingMiddleware.InvokeAsync(HttpContext context)
   at Microsoft.AspNetCore.Diagnostics.DeveloperExceptionPageMiddlewareImpl.Invoke(HttpContext context)
   at System.Runtime.CompilerServices.AsyncMethodBuilderCore.Start[TStateMachine](TStateMachine& stateMachine)
   at Microsoft.AspNetCore.Diagnostics.DeveloperExceptionPageMiddlewareImpl.Invoke(HttpContext context)
   at Microsoft.AspNetCore.HostFiltering.HostFilteringMiddleware.Invoke(HttpContext context)
   at Microsoft.AspNetCore.Server.Kestrel.Core.Internal.Http.HttpProtocol.ProcessRequests[TContext](IHttpApplication`1 application)
   at System.Runtime.CompilerServices.AsyncMethodBuilderCore.Start[TStateMachine](TStateMachine& stateMachine)
   at Microsoft.AspNetCore.Server.Kestrel.Core.Internal.Http.HttpProtocol.ProcessRequests[TContext](IHttpApplication`1 application)
   at Microsoft.AspNetCore.Server.Kestrel.Core.Internal.Http.HttpProtocol.ProcessRequestsAsync[TContext](IHttpApplication`1 application)
   at System.Runtime.CompilerServices.AsyncMethodBuilderCore.Start[TStateMachine](TStateMachine& stateMachine)
   at Microsoft.AspNetCore.Server.Kestrel.Core.Internal.Http.HttpProtocol.ProcessRequestsAsync[TContext](IHttpApplication`1 application)
   at Microsoft.AspNetCore.Server.Kestrel.Core.Internal.HttpConnection.ProcessRequestsAsync[TContext](IHttpApplication`1 httpApplication)
   at System.Runtime.CompilerServices.AsyncMethodBuilderCore.Start[TStateMachine](TStateMachine& stateMachine)
   at Microsoft.AspNetCore.Server.Kestrel.Core.Internal.HttpConnection.ProcessRequestsAsync[TContext](IHttpApplication`1 httpApplication)
   at Microsoft.AspNetCore.Server.Kestrel.Core.Internal.HttpConnectionMiddleware`1.OnConnectionAsync(ConnectionContext connectionContext)
   at Microsoft.AspNetCore.Server.Kestrel.Core.Internal.Infrastructure.KestrelConnection`1.ExecuteAsync()
   at System.Runtime.CompilerServices.AsyncMethodBuilderCore.Start[TStateMachine](TStateMachine& stateMachine)
   at Microsoft.AspNetCore.Server.Kestrel.Core.Internal.Infrastructure.KestrelConnection`1.ExecuteAsync()
   at Microsoft.AspNetCore.Server.Kestrel.Core.Internal.Infrastructure.KestrelConnection`1.System.Threading.IThreadPoolWorkItem.Execute()
   at System.Threading.ThreadPoolWorkQueue.Dispatch()
   at System.Threading.PortableThreadPool.WorkerThread.WorkerThreadStart()
--- End of stack trace from previous location ---

   --- End of inner exception stack trace ---
   at Npgsql.Internal.NpgsqlReadBuffer.<Ensure>g__EnsureLong|54_0(NpgsqlReadBuffer buffer, Int32 count, Boolean async, Boolean readingNotifications)
   at Npgsql.Internal.NpgsqlReadBuffer.<Ensure>g__EnsureLong|54_0(NpgsqlReadBuffer buffer, Int32 count, Boolean async, Boolean readingNotifications)
   at System.Runtime.CompilerServices.PoolingAsyncValueTaskMethodBuilder`1.StateMachineBox`1.System.Threading.Tasks.Sources.IValueTaskSource.GetResult(Int16 token)
   at Npgsql.Internal.NpgsqlConnector.ReadMessageLong(Boolean async, DataRowLoadingMode dataRowLoadingMode, Boolean readingNotifications, Boolean isReadingPrependedMessage)
   at System.Runtime.CompilerServices.PoolingAsyncValueTaskMethodBuilder`1.StateMachineBox`1.System.Threading.Tasks.Sources.IValueTaskSource<TResult>.GetResult(Int16 token)
   at Npgsql.Internal.NpgsqlConnector.ReadMessageLong(Boolean async, DataRowLoadingMode dataRowLoadingMode, Boolean readingNotifications, Boolean isReadingPrependedMessage)
   at System.Runtime.CompilerServices.PoolingAsyncValueTaskMethodBuilder`1.StateMachineBox`1.System.Threading.Tasks.Sources.IValueTaskSource<TResult>.GetResult(Int16 token)
   at Npgsql.NpgsqlDataReader.NextResult(Boolean async, Boolean isConsuming, CancellationToken cancellationToken)
   at Npgsql.NpgsqlDataReader.NextResult(Boolean async, Boolean isConsuming, CancellationToken cancellationToken)
   at Npgsql.NpgsqlCommand.ExecuteReader(Boolean async, CommandBehavior behavior, CancellationToken cancellationToken)
   at Npgsql.NpgsqlCommand.ExecuteReader(Boolean async, CommandBehavior behavior, CancellationToken cancellationToken)
   at Npgsql.NpgsqlCommand.ExecuteDbDataReaderAsync(CommandBehavior behavior, CancellationToken cancellationToken)
   at Microsoft.EntityFrameworkCore.Storage.RelationalCommand.ExecuteReaderAsync(RelationalCommandParameterObject parameterObject, CancellationToken cancellationToken)
   at Microsoft.EntityFrameworkCore.Storage.RelationalCommand.ExecuteReaderAsync(RelationalCommandParameterObject parameterObject, CancellationToken cancellationToken)
   at Microsoft.EntityFrameworkCore.Query.Internal.SingleQueryingEnumerable`1.AsyncEnumerator.InitializeReaderAsync(AsyncEnumerator enumerator, CancellationToken cancellationToken)
   at Npgsql.EntityFrameworkCore.PostgreSQL.Storage.Internal.NpgsqlExecutionStrategy.ExecuteAsync[TState,TResult](TState state, Func`4 operation, Func`4 verifySucceeded, CancellationToken cancellationToken)
   --- End of inner exception stack trace ---
   at Npgsql.EntityFrameworkCore.PostgreSQL.Storage.Internal.NpgsqlExecutionStrategy.ExecuteAsync[TState,TResult](TState state, Func`4 operation, Func`4 verifySucceeded, CancellationToken cancellationToken)
   at Microsoft.EntityFrameworkCore.Query.Internal.SingleQueryingEnumerable`1.AsyncEnumerator.MoveNextAsync()
System.InvalidOperationException: An exception has been raised that is likely due to a transient failure.
 ---> Npgsql.NpgsqlException (0x80004005): Exception while reading from stream
 ---> System.IO.IOException: Unable to read data from the transport connection: Программа на вашем хост-компьютере разорвала установленное подключение..
 ---> System.Net.Sockets.SocketException (10053): Программа на вашем хост-компьютере разорвала установленное подключение.
   at System.Net.Sockets.Socket.AwaitableSocketAsyncEventArgs.CreateException(SocketError error, Boolean forAsyncThrow)
   at System.Net.Sockets.Socket.AwaitableSocketAsyncEventArgs.ReceiveAsync(Socket socket, CancellationToken cancellationToken)
   at System.Net.Sockets.Socket.ReceiveAsync(Memory`1 buffer, SocketFlags socketFlags, Boolean fromNetworkStream, CancellationToken cancellationToken)
   at System.Net.Sockets.NetworkStream.ReadAsync(Memory`1 buffer, CancellationToken cancellationToken)
   at Npgsql.Internal.NpgsqlReadBuffer.<Ensure>g__EnsureLong|54_0(NpgsqlReadBuffer buffer, Int32 count, Boolean async, Boolean readingNotifications)
   at System.Runtime.CompilerServices.AsyncMethodBuilderCore.Start[TStateMachine](TStateMachine& stateMachine)
   at Npgsql.Internal.NpgsqlReadBuffer.<Ensure>g__EnsureLong|54_0(NpgsqlReadBuffer buffer, Int32 count, Boolean async, Boolean readingNotifications)
   at Npgsql.Internal.NpgsqlReadBuffer.Ensure(Int32 count, Boolean async, Boolean readingNotifications)
   at Npgsql.Internal.NpgsqlConnector.ReadMessageLong(Boolean async, DataRowLoadingMode dataRowLoadingMode, Boolean readingNotifications, Boolean isReadingPrependedMessage)
   at System.Runtime.CompilerServices.AsyncMethodBuilderCore.Start[TStateMachine](TStateMachine& stateMachine)
   at Npgsql.Internal.NpgsqlConnector.ReadMessageLong(Boolean async, DataRowLoadingMode dataRowLoadingMode, Boolean readingNotifications, Boolean isReadingPrependedMessage)
   at Npgsql.Internal.NpgsqlConnector.ReadMessageLong(Boolean async, DataRowLoadingMode dataRowLoadingMode, Boolean readingNotifications, Boolean isReadingPrependedMessage)
   at System.Runtime.CompilerServices.AsyncMethodBuilderCore.Start[TStateMachine](TStateMachine& stateMachine)
   at Npgsql.Internal.NpgsqlConnector.ReadMessageLong(Boolean async, DataRowLoadingMode dataRowLoadingMode, Boolean readingNotifications, Boolean isReadingPrependedMessage)
   at Npgsql.Internal.NpgsqlConnector.ReadMessage(Boolean async, DataRowLoadingMode dataRowLoadingMode)
   at Npgsql.NpgsqlDataReader.NextResult(Boolean async, Boolean isConsuming, CancellationToken cancellationToken)
   at System.Runtime.CompilerServices.AsyncMethodBuilderCore.Start[TStateMachine](TStateMachine& stateMachine)
   at Npgsql.NpgsqlDataReader.NextResult(Boolean async, Boolean isConsuming, CancellationToken cancellationToken)
   at Npgsql.NpgsqlDataReader.NextResultAsync(CancellationToken cancellationToken)
   at Npgsql.NpgsqlCommand.ExecuteReader(Boolean async, CommandBehavior behavior, CancellationToken cancellationToken)
   at System.Runtime.CompilerServices.AsyncMethodBuilderCore.Start[TStateMachine](TStateMachine& stateMachine)
   at Npgsql.NpgsqlCommand.ExecuteReader(Boolean async, CommandBehavior behavior, CancellationToken cancellationToken)
   at Npgsql.NpgsqlCommand.ExecuteReaderAsync(CommandBehavior behavior, CancellationToken cancellationToken)
   at Npgsql.NpgsqlCommand.ExecuteDbDataReaderAsync(CommandBehavior behavior, CancellationToken cancellationToken)
   at System.Runtime.CompilerServices.AsyncMethodBuilderCore.Start[TStateMachine](TStateMachine& stateMachine)
   at Npgsql.NpgsqlCommand.ExecuteDbDataReaderAsync(CommandBehavior behavior, CancellationToken cancellationToken)
   at Microsoft.EntityFrameworkCore.Storage.RelationalCommand.ExecuteReaderAsync(RelationalCommandParameterObject parameterObject, CancellationToken cancellationToken)
   at System.Runtime.CompilerServices.AsyncMethodBuilderCore.Start[TStateMachine](TStateMachine& stateMachine)
   at Microsoft.EntityFrameworkCore.Storage.RelationalCommand.ExecuteReaderAsync(RelationalCommandParameterObject parameterObject, CancellationToken cancellationToken)
   at Microsoft.EntityFrameworkCore.Query.Internal.SingleQueryingEnumerable`1.AsyncEnumerator.InitializeReaderAsync(AsyncEnumerator enumerator, CancellationToken cancellationToken)
   at System.Runtime.CompilerServices.AsyncMethodBuilderCore.Start[TStateMachine](TStateMachine& stateMachine)
   at Microsoft.EntityFrameworkCore.Query.Internal.SingleQueryingEnumerable`1.AsyncEnumerator.InitializeReaderAsync(AsyncEnumerator enumerator, CancellationToken cancellationToken)
   at Microsoft.EntityFrameworkCore.Query.Internal.SingleQueryingEnumerable`1.AsyncEnumerator.<>c.<MoveNextAsync>b__20_0(DbContext _, AsyncEnumerator enumerator, CancellationToken cancellationToken)
   at Npgsql.EntityFrameworkCore.PostgreSQL.Storage.Internal.NpgsqlExecutionStrategy.ExecuteAsync[TState,TResult](TState state, Func`4 operation, Func`4 verifySucceeded, CancellationToken cancellationToken)
   at System.Runtime.CompilerServices.AsyncMethodBuilderCore.Start[TStateMachine](TStateMachine& stateMachine)
   at Npgsql.EntityFrameworkCore.PostgreSQL.Storage.Internal.NpgsqlExecutionStrategy.ExecuteAsync[TState,TResult](TState state, Func`4 operation, Func`4 verifySucceeded, CancellationToken cancellationToken)
   at Microsoft.EntityFrameworkCore.Query.Internal.SingleQueryingEnumerable`1.AsyncEnumerator.MoveNextAsync()
   at System.Runtime.CompilerServices.AsyncMethodBuilderCore.Start[TStateMachine](TStateMachine& stateMachine)
   at Microsoft.EntityFrameworkCore.Query.Internal.SingleQueryingEnumerable`1.AsyncEnumerator.MoveNextAsync()
   at System.Runtime.CompilerServices.ConfiguredCancelableAsyncEnumerable`1.Enumerator.MoveNextAsync()
   at Microsoft.EntityFrameworkCore.EntityFrameworkQueryableExtensions.ToListAsync[TSource](IQueryable`1 source, CancellationToken cancellationToken)
   at System.Runtime.CompilerServices.AsyncMethodBuilderCore.Start[TStateMachine](TStateMachine& stateMachine)
   at Microsoft.EntityFrameworkCore.EntityFrameworkQueryableExtensions.ToListAsync[TSource](IQueryable`1 source, CancellationToken cancellationToken)
   at FinSim.BusinessLayer.Structure.ScenarioAction.GetScenarioListActionAsync() in D:\Universitate\Proiect Practica\FinSim\backend\FinSim\FinSimWeb.BusinessLayer\Structure\ScenarioAction.cs:line 78
   at System.Runtime.CompilerServices.AsyncMethodBuilderCore.Start[TStateMachine](TStateMachine& stateMachine)
   at FinSim.BusinessLayer.Structure.ScenarioAction.GetScenarioListActionAsync()
   at FinSim.BusinessLayer.Core.ScenarioLogic.GetScenarioListAsync() in D:\Universitate\Proiect Practica\FinSim\backend\FinSim\FinSimWeb.BusinessLayer\Core\ScenarioLogic.cs:line 31
   at System.Runtime.CompilerServices.AsyncMethodBuilderCore.Start[TStateMachine](TStateMachine& stateMachine)
   at FinSim.BusinessLayer.Core.ScenarioLogic.GetScenarioListAsync()
   at FinSim.Api.Controllers.ScenarioController.GetScenarioList() in D:\Universitate\Proiect Practica\FinSim\backend\FinSim\FinSimWeb.Api\Controllers\ScenarioController.cs:line 36
   at System.Runtime.CompilerServices.AsyncMethodBuilderCore.Start[TStateMachine](TStateMachine& stateMachine)
   at FinSim.Api.Controllers.ScenarioController.GetScenarioList()
   at lambda_method251(Closure, Object, Object[])
   at Microsoft.AspNetCore.Mvc.Infrastructure.ActionMethodExecutor.TaskOfIActionResultExecutor.Execute(ActionContext actionContext, IActionResultTypeMapper mapper, ObjectMethodExecutor executor, Object controller, Object[] arguments)
   at System.Runtime.CompilerServices.AsyncMethodBuilderCore.Start[TStateMachine](TStateMachine& stateMachine)
   at Microsoft.AspNetCore.Mvc.Infrastructure.ActionMethodExecutor.TaskOfIActionResultExecutor.Execute(ActionContext actionContext, IActionResultTypeMapper mapper, ObjectMethodExecutor executor, Object controller, Object[] arguments)
   at Microsoft.AspNetCore.Mvc.Infrastructure.ControllerActionInvoker.InvokeActionMethodAsync()
   at Microsoft.AspNetCore.Mvc.Infrastructure.ControllerActionInvoker.Next(State& next, Scope& scope, Object& state, Boolean& isCompleted)
   at Microsoft.AspNetCore.Mvc.Infrastructure.ControllerActionInvoker.InvokeNextActionFilterAsync()
   at Microsoft.AspNetCore.Mvc.Infrastructure.ControllerActionInvoker.Next(State& next, Scope& scope, Object& state, Boolean& isCompleted)
   at Microsoft.AspNetCore.Mvc.Infrastructure.ControllerActionInvoker.InvokeNextActionFilterAsync()
   at Microsoft.AspNetCore.Mvc.Infrastructure.ControllerActionInvoker.Next(State& next, Scope& scope, Object& state, Boolean& isCompleted)
   at Microsoft.AspNetCore.Mvc.Infrastructure.ControllerActionInvoker.InvokeInnerFilterAsync()
   at Microsoft.AspNetCore.Mvc.Infrastructure.ResourceInvoker.Next(State& next, Scope& scope, Object& state, Boolean& isCompleted)
   at Microsoft.AspNetCore.Mvc.Infrastructure.ResourceInvoker.InvokeFilterPipelineAsync()
   at Microsoft.AspNetCore.Mvc.Infrastructure.ResourceInvoker.InvokeAsync()
   at Microsoft.AspNetCore.Mvc.Routing.ControllerRequestDelegateFactory.<>c__DisplayClass12_0.<CreateRequestDelegate>b__0(HttpContext context)
   at Microsoft.AspNetCore.Authorization.AuthorizationMiddleware.Invoke(HttpContext context)
   at System.Runtime.CompilerServices.AsyncMethodBuilderCore.Start[TStateMachine](TStateMachine& stateMachine)
   at Microsoft.AspNetCore.Authorization.AuthorizationMiddleware.Invoke(HttpContext context)
   at Microsoft.AspNetCore.Authentication.AuthenticationMiddleware.Invoke(HttpContext context)
   at System.Runtime.CompilerServices.AsyncMethodBuilderCore.Start[TStateMachine](TStateMachine& stateMachine)
   at Microsoft.AspNetCore.Authentication.AuthenticationMiddleware.Invoke(HttpContext context)
   at Microsoft.AspNetCore.StaticFiles.StaticFileMiddleware.Invoke(HttpContext context)
   at Microsoft.AspNetCore.HttpsPolicy.HttpsRedirectionMiddleware.Invoke(HttpContext context)
   at Microsoft.AspNetCore.StaticFiles.StaticFileMiddleware.Invoke(HttpContext context)
   at Swashbuckle.AspNetCore.SwaggerUI.SwaggerUIMiddleware.Invoke(HttpContext httpContext)
   at System.Runtime.CompilerServices.AsyncMethodBuilderCore.Start[TStateMachine](TStateMachine& stateMachine)
   at Swashbuckle.AspNetCore.SwaggerUI.SwaggerUIMiddleware.Invoke(HttpContext httpContext)
   at Swashbuckle.AspNetCore.Swagger.SwaggerMiddleware.Invoke(HttpContext httpContext, ISwaggerProvider swaggerProvider)
   at System.Runtime.CompilerServices.AsyncMethodBuilderCore.Start[TStateMachine](TStateMachine& stateMachine)
   at Swashbuckle.AspNetCore.Swagger.SwaggerMiddleware.Invoke(HttpContext httpContext, ISwaggerProvider swaggerProvider)
   at Serilog.AspNetCore.RequestLoggingMiddleware.Invoke(HttpContext httpContext)
   at System.Runtime.CompilerServices.AsyncMethodBuilderCore.Start[TStateMachine](TStateMachine& stateMachine)
   at Serilog.AspNetCore.RequestLoggingMiddleware.Invoke(HttpContext httpContext)
   at FinSim.Api.Middleware.ExceptionHandlingMiddleware.InvokeAsync(HttpContext context) in D:\Universitate\Proiect Practica\FinSim\backend\FinSim\FinSimWeb.Api\Middleware\ExceptionHandlingMiddleware.cs:line 20
   at System.Runtime.CompilerServices.AsyncMethodBuilderCore.Start[TStateMachine](TStateMachine& stateMachine)
   at FinSim.Api.Middleware.ExceptionHandlingMiddleware.InvokeAsync(HttpContext context)
   at Microsoft.AspNetCore.Diagnostics.DeveloperExceptionPageMiddlewareImpl.Invoke(HttpContext context)
   at System.Runtime.CompilerServices.AsyncMethodBuilderCore.Start[TStateMachine](TStateMachine& stateMachine)
   at Microsoft.AspNetCore.Diagnostics.DeveloperExceptionPageMiddlewareImpl.Invoke(HttpContext context)
   at Microsoft.AspNetCore.HostFiltering.HostFilteringMiddleware.Invoke(HttpContext context)
   at Microsoft.AspNetCore.Server.Kestrel.Core.Internal.Http.HttpProtocol.ProcessRequests[TContext](IHttpApplication`1 application)
   at System.Runtime.CompilerServices.AsyncMethodBuilderCore.Start[TStateMachine](TStateMachine& stateMachine)
   at Microsoft.AspNetCore.Server.Kestrel.Core.Internal.Http.HttpProtocol.ProcessRequests[TContext](IHttpApplication`1 application)
   at Microsoft.AspNetCore.Server.Kestrel.Core.Internal.Http.HttpProtocol.ProcessRequestsAsync[TContext](IHttpApplication`1 application)
   at System.Runtime.CompilerServices.AsyncMethodBuilderCore.Start[TStateMachine](TStateMachine& stateMachine)
   at Microsoft.AspNetCore.Server.Kestrel.Core.Internal.Http.HttpProtocol.ProcessRequestsAsync[TContext](IHttpApplication`1 application)
   at Microsoft.AspNetCore.Server.Kestrel.Core.Internal.HttpConnection.ProcessRequestsAsync[TContext](IHttpApplication`1 httpApplication)
   at System.Runtime.CompilerServices.AsyncMethodBuilderCore.Start[TStateMachine](TStateMachine& stateMachine)
   at Microsoft.AspNetCore.Server.Kestrel.Core.Internal.HttpConnection.ProcessRequestsAsync[TContext](IHttpApplication`1 httpApplication)
   at Microsoft.AspNetCore.Server.Kestrel.Core.Internal.HttpConnectionMiddleware`1.OnConnectionAsync(ConnectionContext connectionContext)
   at Microsoft.AspNetCore.Server.Kestrel.Core.Internal.Infrastructure.KestrelConnection`1.ExecuteAsync()
   at System.Runtime.CompilerServices.AsyncMethodBuilderCore.Start[TStateMachine](TStateMachine& stateMachine)
   at Microsoft.AspNetCore.Server.Kestrel.Core.Internal.Infrastructure.KestrelConnection`1.ExecuteAsync()
   at Microsoft.AspNetCore.Server.Kestrel.Core.Internal.Infrastructure.KestrelConnection`1.System.Threading.IThreadPoolWorkItem.Execute()
   at System.Threading.ThreadPoolWorkQueue.Dispatch()
   at System.Threading.PortableThreadPool.WorkerThread.WorkerThreadStart()
--- End of stack trace from previous location ---

   --- End of inner exception stack trace ---
   at Npgsql.Internal.NpgsqlReadBuffer.<Ensure>g__EnsureLong|54_0(NpgsqlReadBuffer buffer, Int32 count, Boolean async, Boolean readingNotifications)
   at Npgsql.Internal.NpgsqlReadBuffer.<Ensure>g__EnsureLong|54_0(NpgsqlReadBuffer buffer, Int32 count, Boolean async, Boolean readingNotifications)
   at System.Runtime.CompilerServices.PoolingAsyncValueTaskMethodBuilder`1.StateMachineBox`1.System.Threading.Tasks.Sources.IValueTaskSource.GetResult(Int16 token)
   at Npgsql.Internal.NpgsqlConnector.ReadMessageLong(Boolean async, DataRowLoadingMode dataRowLoadingMode, Boolean readingNotifications, Boolean isReadingPrependedMessage)
   at System.Runtime.CompilerServices.PoolingAsyncValueTaskMethodBuilder`1.StateMachineBox`1.System.Threading.Tasks.Sources.IValueTaskSource<TResult>.GetResult(Int16 token)
   at Npgsql.Internal.NpgsqlConnector.ReadMessageLong(Boolean async, DataRowLoadingMode dataRowLoadingMode, Boolean readingNotifications, Boolean isReadingPrependedMessage)
   at System.Runtime.CompilerServices.PoolingAsyncValueTaskMethodBuilder`1.StateMachineBox`1.System.Threading.Tasks.Sources.IValueTaskSource<TResult>.GetResult(Int16 token)
   at Npgsql.NpgsqlDataReader.NextResult(Boolean async, Boolean isConsuming, CancellationToken cancellationToken)
   at Npgsql.NpgsqlDataReader.NextResult(Boolean async, Boolean isConsuming, CancellationToken cancellationToken)
   at Npgsql.NpgsqlCommand.ExecuteReader(Boolean async, CommandBehavior behavior, CancellationToken cancellationToken)
   at Npgsql.NpgsqlCommand.ExecuteReader(Boolean async, CommandBehavior behavior, CancellationToken cancellationToken)
   at Npgsql.NpgsqlCommand.ExecuteDbDataReaderAsync(CommandBehavior behavior, CancellationToken cancellationToken)
   at Microsoft.EntityFrameworkCore.Storage.RelationalCommand.ExecuteReaderAsync(RelationalCommandParameterObject parameterObject, CancellationToken cancellationToken)
   at Microsoft.EntityFrameworkCore.Storage.RelationalCommand.ExecuteReaderAsync(RelationalCommandParameterObject parameterObject, CancellationToken cancellationToken)
   at Microsoft.EntityFrameworkCore.Query.Internal.SingleQueryingEnumerable`1.AsyncEnumerator.InitializeReaderAsync(AsyncEnumerator enumerator, CancellationToken cancellationToken)
   at Npgsql.EntityFrameworkCore.PostgreSQL.Storage.Internal.NpgsqlExecutionStrategy.ExecuteAsync[TState,TResult](TState state, Func`4 operation, Func`4 verifySucceeded, CancellationToken cancellationToken)
   --- End of inner exception stack trace ---
   at Npgsql.EntityFrameworkCore.PostgreSQL.Storage.Internal.NpgsqlExecutionStrategy.ExecuteAsync[TState,TResult](TState state, Func`4 operation, Func`4 verifySucceeded, CancellationToken cancellationToken)
   at Microsoft.EntityFrameworkCore.Query.Internal.SingleQueryingEnumerable`1.AsyncEnumerator.MoveNextAsync()
2026-09-16 08:44:51.008 +03:00 [ERR] HTTP GET /api/scenarios/list responded 500 in 98.9446 ms
System.InvalidOperationException: An exception has been raised that is likely due to a transient failure.
 ---> Npgsql.NpgsqlException (0x80004005): Exception while reading from stream
 ---> System.IO.IOException: Unable to read data from the transport connection: Программа на вашем хост-компьютере разорвала установленное подключение..
 ---> System.Net.Sockets.SocketException (10053): Программа на вашем хост-компьютере разорвала установленное подключение.
   at System.Net.Sockets.Socket.AwaitableSocketAsyncEventArgs.CreateException(SocketError error, Boolean forAsyncThrow)
   at System.Net.Sockets.Socket.AwaitableSocketAsyncEventArgs.ReceiveAsync(Socket socket, CancellationToken cancellationToken)
   at System.Net.Sockets.Socket.ReceiveAsync(Memory`1 buffer, SocketFlags socketFlags, Boolean fromNetworkStream, CancellationToken cancellationToken)
   at System.Net.Sockets.NetworkStream.ReadAsync(Memory`1 buffer, CancellationToken cancellationToken)
   at Npgsql.Internal.NpgsqlReadBuffer.<Ensure>g__EnsureLong|54_0(NpgsqlReadBuffer buffer, Int32 count, Boolean async, Boolean readingNotifications)
   at System.Runtime.CompilerServices.AsyncMethodBuilderCore.Start[TStateMachine](TStateMachine& stateMachine)
   at Npgsql.Internal.NpgsqlReadBuffer.<Ensure>g__EnsureLong|54_0(NpgsqlReadBuffer buffer, Int32 count, Boolean async, Boolean readingNotifications)
   at Npgsql.Internal.NpgsqlReadBuffer.Ensure(Int32 count, Boolean async, Boolean readingNotifications)
   at Npgsql.Internal.NpgsqlConnector.ReadMessageLong(Boolean async, DataRowLoadingMode dataRowLoadingMode, Boolean readingNotifications, Boolean isReadingPrependedMessage)
   at System.Runtime.CompilerServices.AsyncMethodBuilderCore.Start[TStateMachine](TStateMachine& stateMachine)
   at Npgsql.Internal.NpgsqlConnector.ReadMessageLong(Boolean async, DataRowLoadingMode dataRowLoadingMode, Boolean readingNotifications, Boolean isReadingPrependedMessage)
   at Npgsql.Internal.NpgsqlConnector.ReadMessageLong(Boolean async, DataRowLoadingMode dataRowLoadingMode, Boolean readingNotifications, Boolean isReadingPrependedMessage)
   at System.Runtime.CompilerServices.AsyncMethodBuilderCore.Start[TStateMachine](TStateMachine& stateMachine)
   at Npgsql.Internal.NpgsqlConnector.ReadMessageLong(Boolean async, DataRowLoadingMode dataRowLoadingMode, Boolean readingNotifications, Boolean isReadingPrependedMessage)
   at Npgsql.Internal.NpgsqlConnector.ReadMessage(Boolean async, DataRowLoadingMode dataRowLoadingMode)
   at Npgsql.NpgsqlDataReader.NextResult(Boolean async, Boolean isConsuming, CancellationToken cancellationToken)
   at System.Runtime.CompilerServices.AsyncMethodBuilderCore.Start[TStateMachine](TStateMachine& stateMachine)
   at Npgsql.NpgsqlDataReader.NextResult(Boolean async, Boolean isConsuming, CancellationToken cancellationToken)
   at Npgsql.NpgsqlDataReader.NextResultAsync(CancellationToken cancellationToken)
   at Npgsql.NpgsqlCommand.ExecuteReader(Boolean async, CommandBehavior behavior, CancellationToken cancellationToken)
   at System.Runtime.CompilerServices.AsyncMethodBuilderCore.Start[TStateMachine](TStateMachine& stateMachine)
   at Npgsql.NpgsqlCommand.ExecuteReader(Boolean async, CommandBehavior behavior, CancellationToken cancellationToken)
   at Npgsql.NpgsqlCommand.ExecuteReaderAsync(CommandBehavior behavior, CancellationToken cancellationToken)
   at Npgsql.NpgsqlCommand.ExecuteDbDataReaderAsync(CommandBehavior behavior, CancellationToken cancellationToken)
   at System.Runtime.CompilerServices.AsyncMethodBuilderCore.Start[TStateMachine](TStateMachine& stateMachine)
   at Npgsql.NpgsqlCommand.ExecuteDbDataReaderAsync(CommandBehavior behavior, CancellationToken cancellationToken)
   at Microsoft.EntityFrameworkCore.Storage.RelationalCommand.ExecuteReaderAsync(RelationalCommandParameterObject parameterObject, CancellationToken cancellationToken)
   at System.Runtime.CompilerServices.AsyncMethodBuilderCore.Start[TStateMachine](TStateMachine& stateMachine)
   at Microsoft.EntityFrameworkCore.Storage.RelationalCommand.ExecuteReaderAsync(RelationalCommandParameterObject parameterObject, CancellationToken cancellationToken)
   at Microsoft.EntityFrameworkCore.Query.Internal.SingleQueryingEnumerable`1.AsyncEnumerator.InitializeReaderAsync(AsyncEnumerator enumerator, CancellationToken cancellationToken)
   at System.Runtime.CompilerServices.AsyncMethodBuilderCore.Start[TStateMachine](TStateMachine& stateMachine)
   at Microsoft.EntityFrameworkCore.Query.Internal.SingleQueryingEnumerable`1.AsyncEnumerator.InitializeReaderAsync(AsyncEnumerator enumerator, CancellationToken cancellationToken)
   at Microsoft.EntityFrameworkCore.Query.Internal.SingleQueryingEnumerable`1.AsyncEnumerator.<>c.<MoveNextAsync>b__20_0(DbContext _, AsyncEnumerator enumerator, CancellationToken cancellationToken)
   at Npgsql.EntityFrameworkCore.PostgreSQL.Storage.Internal.NpgsqlExecutionStrategy.ExecuteAsync[TState,TResult](TState state, Func`4 operation, Func`4 verifySucceeded, CancellationToken cancellationToken)
   at System.Runtime.CompilerServices.AsyncMethodBuilderCore.Start[TStateMachine](TStateMachine& stateMachine)
   at Npgsql.EntityFrameworkCore.PostgreSQL.Storage.Internal.NpgsqlExecutionStrategy.ExecuteAsync[TState,TResult](TState state, Func`4 operation, Func`4 verifySucceeded, CancellationToken cancellationToken)
   at Microsoft.EntityFrameworkCore.Query.Internal.SingleQueryingEnumerable`1.AsyncEnumerator.MoveNextAsync()
   at System.Runtime.CompilerServices.AsyncMethodBuilderCore.Start[TStateMachine](TStateMachine& stateMachine)
   at Microsoft.EntityFrameworkCore.Query.Internal.SingleQueryingEnumerable`1.AsyncEnumerator.MoveNextAsync()
   at System.Runtime.CompilerServices.ConfiguredCancelableAsyncEnumerable`1.Enumerator.MoveNextAsync()
   at Microsoft.EntityFrameworkCore.EntityFrameworkQueryableExtensions.ToListAsync[TSource](IQueryable`1 source, CancellationToken cancellationToken)
   at System.Runtime.CompilerServices.AsyncMethodBuilderCore.Start[TStateMachine](TStateMachine& stateMachine)
   at Microsoft.EntityFrameworkCore.EntityFrameworkQueryableExtensions.ToListAsync[TSource](IQueryable`1 source, CancellationToken cancellationToken)
   at FinSim.BusinessLayer.Structure.ScenarioAction.GetScenarioListActionAsync() in D:\Universitate\Proiect Practica\FinSim\backend\FinSim\FinSimWeb.BusinessLayer\Structure\ScenarioAction.cs:line 78
   at System.Runtime.CompilerServices.AsyncMethodBuilderCore.Start[TStateMachine](TStateMachine& stateMachine)
   at FinSim.BusinessLayer.Structure.ScenarioAction.GetScenarioListActionAsync()
   at FinSim.BusinessLayer.Core.ScenarioLogic.GetScenarioListAsync() in D:\Universitate\Proiect Practica\FinSim\backend\FinSim\FinSimWeb.BusinessLayer\Core\ScenarioLogic.cs:line 31
   at System.Runtime.CompilerServices.AsyncMethodBuilderCore.Start[TStateMachine](TStateMachine& stateMachine)
   at FinSim.BusinessLayer.Core.ScenarioLogic.GetScenarioListAsync()
   at FinSim.Api.Controllers.ScenarioController.GetScenarioList() in D:\Universitate\Proiect Practica\FinSim\backend\FinSim\FinSimWeb.Api\Controllers\ScenarioController.cs:line 36
   at System.Runtime.CompilerServices.AsyncMethodBuilderCore.Start[TStateMachine](TStateMachine& stateMachine)
   at FinSim.Api.Controllers.ScenarioController.GetScenarioList()
   at lambda_method251(Closure, Object, Object[])
   at Microsoft.AspNetCore.Mvc.Infrastructure.ActionMethodExecutor.TaskOfIActionResultExecutor.Execute(ActionContext actionContext, IActionResultTypeMapper mapper, ObjectMethodExecutor executor, Object controller, Object[] arguments)
   at System.Runtime.CompilerServices.AsyncMethodBuilderCore.Start[TStateMachine](TStateMachine& stateMachine)
   at Microsoft.AspNetCore.Mvc.Infrastructure.ActionMethodExecutor.TaskOfIActionResultExecutor.Execute(ActionContext actionContext, IActionResultTypeMapper mapper, ObjectMethodExecutor executor, Object controller, Object[] arguments)
   at Microsoft.AspNetCore.Mvc.Infrastructure.ControllerActionInvoker.InvokeActionMethodAsync()
   at Microsoft.AspNetCore.Mvc.Infrastructure.ControllerActionInvoker.Next(State& next, Scope& scope, Object& state, Boolean& isCompleted)
   at Microsoft.AspNetCore.Mvc.Infrastructure.ControllerActionInvoker.InvokeNextActionFilterAsync()
   at Microsoft.AspNetCore.Mvc.Infrastructure.ControllerActionInvoker.Next(State& next, Scope& scope, Object& state, Boolean& isCompleted)
   at Microsoft.AspNetCore.Mvc.Infrastructure.ControllerActionInvoker.InvokeNextActionFilterAsync()
   at Microsoft.AspNetCore.Mvc.Infrastructure.ControllerActionInvoker.Next(State& next, Scope& scope, Object& state, Boolean& isCompleted)
   at Microsoft.AspNetCore.Mvc.Infrastructure.ControllerActionInvoker.InvokeInnerFilterAsync()
   at Microsoft.AspNetCore.Mvc.Infrastructure.ResourceInvoker.Next(State& next, Scope& scope, Object& state, Boolean& isCompleted)
   at Microsoft.AspNetCore.Mvc.Infrastructure.ResourceInvoker.InvokeFilterPipelineAsync()
   at Microsoft.AspNetCore.Mvc.Infrastructure.ResourceInvoker.InvokeAsync()
   at Microsoft.AspNetCore.Mvc.Routing.ControllerRequestDelegateFactory.<>c__DisplayClass12_0.<CreateRequestDelegate>b__0(HttpContext context)
   at Microsoft.AspNetCore.Authorization.AuthorizationMiddleware.Invoke(HttpContext context)
   at System.Runtime.CompilerServices.AsyncMethodBuilderCore.Start[TStateMachine](TStateMachine& stateMachine)
   at Microsoft.AspNetCore.Authorization.AuthorizationMiddleware.Invoke(HttpContext context)
   at Microsoft.AspNetCore.Authentication.AuthenticationMiddleware.Invoke(HttpContext context)
   at System.Runtime.CompilerServices.AsyncMethodBuilderCore.Start[TStateMachine](TStateMachine& stateMachine)
   at Microsoft.AspNetCore.Authentication.AuthenticationMiddleware.Invoke(HttpContext context)
   at Microsoft.AspNetCore.StaticFiles.StaticFileMiddleware.Invoke(HttpContext context)
   at Microsoft.AspNetCore.HttpsPolicy.HttpsRedirectionMiddleware.Invoke(HttpContext context)
   at Microsoft.AspNetCore.StaticFiles.StaticFileMiddleware.Invoke(HttpContext context)
   at Swashbuckle.AspNetCore.SwaggerUI.SwaggerUIMiddleware.Invoke(HttpContext httpContext)
   at System.Runtime.CompilerServices.AsyncMethodBuilderCore.Start[TStateMachine](TStateMachine& stateMachine)
   at Swashbuckle.AspNetCore.SwaggerUI.SwaggerUIMiddleware.Invoke(HttpContext httpContext)
   at Swashbuckle.AspNetCore.Swagger.SwaggerMiddleware.Invoke(HttpContext httpContext, ISwaggerProvider swaggerProvider)
   at System.Runtime.CompilerServices.AsyncMethodBuilderCore.Start[TStateMachine](TStateMachine& stateMachine)
   at Swashbuckle.AspNetCore.Swagger.SwaggerMiddleware.Invoke(HttpContext httpContext, ISwaggerProvider swaggerProvider)
   at Serilog.AspNetCore.RequestLoggingMiddleware.Invoke(HttpContext httpContext)
   at System.Runtime.CompilerServices.AsyncMethodBuilderCore.Start[TStateMachine](TStateMachine& stateMachine)
   at Serilog.AspNetCore.RequestLoggingMiddleware.Invoke(HttpContext httpContext)
   at FinSim.Api.Middleware.ExceptionHandlingMiddleware.InvokeAsync(HttpContext context) in D:\Universitate\Proiect Practica\FinSim\backend\FinSim\FinSimWeb.Api\Middleware\ExceptionHandlingMiddleware.cs:line 20
   at System.Runtime.CompilerServices.AsyncMethodBuilderCore.Start[TStateMachine](TStateMachine& stateMachine)
   at FinSim.Api.Middleware.ExceptionHandlingMiddleware.InvokeAsync(HttpContext context)
   at Microsoft.AspNetCore.Diagnostics.DeveloperExceptionPageMiddlewareImpl.Invoke(HttpContext context)
   at System.Runtime.CompilerServices.AsyncMethodBuilderCore.Start[TStateMachine](TStateMachine& stateMachine)
   at Microsoft.AspNetCore.Diagnostics.DeveloperExceptionPageMiddlewareImpl.Invoke(HttpContext context)
   at Microsoft.AspNetCore.HostFiltering.HostFilteringMiddleware.Invoke(HttpContext context)
   at Microsoft.AspNetCore.Server.Kestrel.Core.Internal.Http.HttpProtocol.ProcessRequests[TContext](IHttpApplication`1 application)
   at System.Runtime.CompilerServices.AsyncMethodBuilderCore.Start[TStateMachine](TStateMachine& stateMachine)
   at Microsoft.AspNetCore.Server.Kestrel.Core.Internal.Http.HttpProtocol.ProcessRequests[TContext](IHttpApplication`1 application)
   at Microsoft.AspNetCore.Server.Kestrel.Core.Internal.Http.HttpProtocol.ProcessRequestsAsync[TContext](IHttpApplication`1 application)
   at System.Runtime.CompilerServices.AsyncMethodBuilderCore.Start[TStateMachine](TStateMachine& stateMachine)
   at Microsoft.AspNetCore.Server.Kestrel.Core.Internal.Http.HttpProtocol.ProcessRequestsAsync[TContext](IHttpApplication`1 application)
   at Microsoft.AspNetCore.Server.Kestrel.Core.Internal.HttpConnection.ProcessRequestsAsync[TContext](IHttpApplication`1 httpApplication)
   at System.Runtime.CompilerServices.AsyncMethodBuilderCore.Start[TStateMachine](TStateMachine& stateMachine)
   at Microsoft.AspNetCore.Server.Kestrel.Core.Internal.HttpConnection.ProcessRequestsAsync[TContext](IHttpApplication`1 httpApplication)
   at Microsoft.AspNetCore.Server.Kestrel.Core.Internal.HttpConnectionMiddleware`1.OnConnectionAsync(ConnectionContext connectionContext)
   at Microsoft.AspNetCore.Server.Kestrel.Core.Internal.Infrastructure.KestrelConnection`1.ExecuteAsync()
   at System.Runtime.CompilerServices.AsyncMethodBuilderCore.Start[TStateMachine](TStateMachine& stateMachine)
   at Microsoft.AspNetCore.Server.Kestrel.Core.Internal.Infrastructure.KestrelConnection`1.ExecuteAsync()
   at Microsoft.AspNetCore.Server.Kestrel.Core.Internal.Infrastructure.KestrelConnection`1.System.Threading.IThreadPoolWorkItem.Execute()
   at System.Threading.ThreadPoolWorkQueue.Dispatch()
   at System.Threading.PortableThreadPool.WorkerThread.WorkerThreadStart()
--- End of stack trace from previous location ---

   --- End of inner exception stack trace ---
   at Npgsql.Internal.NpgsqlReadBuffer.<Ensure>g__EnsureLong|54_0(NpgsqlReadBuffer buffer, Int32 count, Boolean async, Boolean readingNotifications)
   at Npgsql.Internal.NpgsqlReadBuffer.<Ensure>g__EnsureLong|54_0(NpgsqlReadBuffer buffer, Int32 count, Boolean async, Boolean readingNotifications)
   at System.Runtime.CompilerServices.PoolingAsyncValueTaskMethodBuilder`1.StateMachineBox`1.System.Threading.Tasks.Sources.IValueTaskSource.GetResult(Int16 token)
   at Npgsql.Internal.NpgsqlConnector.ReadMessageLong(Boolean async, DataRowLoadingMode dataRowLoadingMode, Boolean readingNotifications, Boolean isReadingPrependedMessage)
   at System.Runtime.CompilerServices.PoolingAsyncValueTaskMethodBuilder`1.StateMachineBox`1.System.Threading.Tasks.Sources.IValueTaskSource<TResult>.GetResult(Int16 token)
   at Npgsql.Internal.NpgsqlConnector.ReadMessageLong(Boolean async, DataRowLoadingMode dataRowLoadingMode, Boolean readingNotifications, Boolean isReadingPrependedMessage)
   at System.Runtime.CompilerServices.PoolingAsyncValueTaskMethodBuilder`1.StateMachineBox`1.System.Threading.Tasks.Sources.IValueTaskSource<TResult>.GetResult(Int16 token)
   at Npgsql.NpgsqlDataReader.NextResult(Boolean async, Boolean isConsuming, CancellationToken cancellationToken)
   at Npgsql.NpgsqlDataReader.NextResult(Boolean async, Boolean isConsuming, CancellationToken cancellationToken)
   at Npgsql.NpgsqlCommand.ExecuteReader(Boolean async, CommandBehavior behavior, CancellationToken cancellationToken)
   at Npgsql.NpgsqlCommand.ExecuteReader(Boolean async, CommandBehavior behavior, CancellationToken cancellationToken)
   at Npgsql.NpgsqlCommand.ExecuteDbDataReaderAsync(CommandBehavior behavior, CancellationToken cancellationToken)
   at Microsoft.EntityFrameworkCore.Storage.RelationalCommand.ExecuteReaderAsync(RelationalCommandParameterObject parameterObject, CancellationToken cancellationToken)
   at Microsoft.EntityFrameworkCore.Storage.RelationalCommand.ExecuteReaderAsync(RelationalCommandParameterObject parameterObject, CancellationToken cancellationToken)
   at Microsoft.EntityFrameworkCore.Query.Internal.SingleQueryingEnumerable`1.AsyncEnumerator.InitializeReaderAsync(AsyncEnumerator enumerator, CancellationToken cancellationToken)
   at Npgsql.EntityFrameworkCore.PostgreSQL.Storage.Internal.NpgsqlExecutionStrategy.ExecuteAsync[TState,TResult](TState state, Func`4 operation, Func`4 verifySucceeded, CancellationToken cancellationToken)
   --- End of inner exception stack trace ---
   at Npgsql.EntityFrameworkCore.PostgreSQL.Storage.Internal.NpgsqlExecutionStrategy.ExecuteAsync[TState,TResult](TState state, Func`4 operation, Func`4 verifySucceeded, CancellationToken cancellationToken)
   at Microsoft.EntityFrameworkCore.Query.Internal.SingleQueryingEnumerable`1.AsyncEnumerator.MoveNextAsync()
   at Microsoft.EntityFrameworkCore.EntityFrameworkQueryableExtensions.ToListAsync[TSource](IQueryable`1 source, CancellationToken cancellationToken)
   at Microsoft.EntityFrameworkCore.EntityFrameworkQueryableExtensions.ToListAsync[TSource](IQueryable`1 source, CancellationToken cancellationToken)
   at FinSim.BusinessLayer.Structure.ScenarioAction.GetScenarioListActionAsync() in D:\Universitate\Proiect Practica\FinSim\backend\FinSim\FinSimWeb.BusinessLayer\Structure\ScenarioAction.cs:line 78
   at FinSim.BusinessLayer.Core.ScenarioLogic.GetScenarioListAsync() in D:\Universitate\Proiect Practica\FinSim\backend\FinSim\FinSimWeb.BusinessLayer\Core\ScenarioLogic.cs:line 31
   at FinSim.Api.Controllers.ScenarioController.GetScenarioList() in D:\Universitate\Proiect Practica\FinSim\backend\FinSim\FinSimWeb.Api\Controllers\ScenarioController.cs:line 36
   at Microsoft.AspNetCore.Mvc.Infrastructure.ActionMethodExecutor.TaskOfIActionResultExecutor.Execute(ActionContext actionContext, IActionResultTypeMapper mapper, ObjectMethodExecutor executor, Object controller, Object[] arguments)
   at Microsoft.AspNetCore.Mvc.Infrastructure.ControllerActionInvoker.<InvokeActionMethodAsync>g__Awaited|12_0(ControllerActionInvoker invoker, ValueTask`1 actionResultValueTask)
   at Microsoft.AspNetCore.Mvc.Infrastructure.ControllerActionInvoker.<InvokeNextActionFilterAsync>g__Awaited|10_0(ControllerActionInvoker invoker, Task lastTask, State next, Scope scope, Object state, Boolean isCompleted)
   at Microsoft.AspNetCore.Mvc.Infrastructure.ControllerActionInvoker.Rethrow(ActionExecutedContextSealed context)
   at Microsoft.AspNetCore.Mvc.Infrastructure.ControllerActionInvoker.Next(State& next, Scope& scope, Object& state, Boolean& isCompleted)
   at Microsoft.AspNetCore.Mvc.Infrastructure.ControllerActionInvoker.InvokeInnerFilterAsync()
--- End of stack trace from previous location ---
   at Microsoft.AspNetCore.Mvc.Infrastructure.ResourceInvoker.<InvokeFilterPipelineAsync>g__Awaited|20_0(ResourceInvoker invoker, Task lastTask, State next, Scope scope, Object state, Boolean isCompleted)
   at Microsoft.AspNetCore.Mvc.Infrastructure.ResourceInvoker.<InvokeAsync>g__Awaited|17_0(ResourceInvoker invoker, Task task, IDisposable scope)
   at Microsoft.AspNetCore.Mvc.Infrastructure.ResourceInvoker.<InvokeAsync>g__Awaited|17_0(ResourceInvoker invoker, Task task, IDisposable scope)
   at Microsoft.AspNetCore.Authorization.AuthorizationMiddleware.Invoke(HttpContext context)
   at Microsoft.AspNetCore.Authentication.AuthenticationMiddleware.Invoke(HttpContext context)
   at Swashbuckle.AspNetCore.SwaggerUI.SwaggerUIMiddleware.Invoke(HttpContext httpContext)
   at Swashbuckle.AspNetCore.Swagger.SwaggerMiddleware.Invoke(HttpContext httpContext, ISwaggerProvider swaggerProvider)
   at Serilog.AspNetCore.RequestLoggingMiddleware.Invoke(HttpContext httpContext)
2026-09-16 08:44:51.015 +03:00 [ERR] Unhandled exception on GET /api/scenarios/list (User: 9, IP: ::1)
System.InvalidOperationException: An exception has been raised that is likely due to a transient failure.
 ---> Npgsql.NpgsqlException (0x80004005): Exception while reading from stream
 ---> System.IO.IOException: Unable to read data from the transport connection: Программа на вашем хост-компьютере разорвала установленное подключение..
 ---> System.Net.Sockets.SocketException (10053): Программа на вашем хост-компьютере разорвала установленное подключение.
   at System.Net.Sockets.Socket.AwaitableSocketAsyncEventArgs.CreateException(SocketError error, Boolean forAsyncThrow)
   at System.Net.Sockets.Socket.AwaitableSocketAsyncEventArgs.ReceiveAsync(Socket socket, CancellationToken cancellationToken)
   at System.Net.Sockets.Socket.ReceiveAsync(Memory`1 buffer, SocketFlags socketFlags, Boolean fromNetworkStream, CancellationToken cancellationToken)
   at System.Net.Sockets.NetworkStream.ReadAsync(Memory`1 buffer, CancellationToken cancellationToken)
   at Npgsql.Internal.NpgsqlReadBuffer.<Ensure>g__EnsureLong|54_0(NpgsqlReadBuffer buffer, Int32 count, Boolean async, Boolean readingNotifications)
   at System.Runtime.CompilerServices.AsyncMethodBuilderCore.Start[TStateMachine](TStateMachine& stateMachine)
   at Npgsql.Internal.NpgsqlReadBuffer.<Ensure>g__EnsureLong|54_0(NpgsqlReadBuffer buffer, Int32 count, Boolean async, Boolean readingNotifications)
   at Npgsql.Internal.NpgsqlReadBuffer.Ensure(Int32 count, Boolean async, Boolean readingNotifications)
   at Npgsql.Internal.NpgsqlConnector.ReadMessageLong(Boolean async, DataRowLoadingMode dataRowLoadingMode, Boolean readingNotifications, Boolean isReadingPrependedMessage)
   at System.Runtime.CompilerServices.AsyncMethodBuilderCore.Start[TStateMachine](TStateMachine& stateMachine)
   at Npgsql.Internal.NpgsqlConnector.ReadMessageLong(Boolean async, DataRowLoadingMode dataRowLoadingMode, Boolean readingNotifications, Boolean isReadingPrependedMessage)
   at Npgsql.Internal.NpgsqlConnector.ReadMessageLong(Boolean async, DataRowLoadingMode dataRowLoadingMode, Boolean readingNotifications, Boolean isReadingPrependedMessage)
   at System.Runtime.CompilerServices.AsyncMethodBuilderCore.Start[TStateMachine](TStateMachine& stateMachine)
   at Npgsql.Internal.NpgsqlConnector.ReadMessageLong(Boolean async, DataRowLoadingMode dataRowLoadingMode, Boolean readingNotifications, Boolean isReadingPrependedMessage)
   at Npgsql.Internal.NpgsqlConnector.ReadMessage(Boolean async, DataRowLoadingMode dataRowLoadingMode)
   at Npgsql.NpgsqlDataReader.NextResult(Boolean async, Boolean isConsuming, CancellationToken cancellationToken)
   at System.Runtime.CompilerServices.AsyncMethodBuilderCore.Start[TStateMachine](TStateMachine& stateMachine)
   at Npgsql.NpgsqlDataReader.NextResult(Boolean async, Boolean isConsuming, CancellationToken cancellationToken)
   at Npgsql.NpgsqlDataReader.NextResultAsync(CancellationToken cancellationToken)
   at Npgsql.NpgsqlCommand.ExecuteReader(Boolean async, CommandBehavior behavior, CancellationToken cancellationToken)
   at System.Runtime.CompilerServices.AsyncMethodBuilderCore.Start[TStateMachine](TStateMachine& stateMachine)
   at Npgsql.NpgsqlCommand.ExecuteReader(Boolean async, CommandBehavior behavior, CancellationToken cancellationToken)
   at Npgsql.NpgsqlCommand.ExecuteReaderAsync(CommandBehavior behavior, CancellationToken cancellationToken)
   at Npgsql.NpgsqlCommand.ExecuteDbDataReaderAsync(CommandBehavior behavior, CancellationToken cancellationToken)
   at System.Runtime.CompilerServices.AsyncMethodBuilderCore.Start[TStateMachine](TStateMachine& stateMachine)
   at Npgsql.NpgsqlCommand.ExecuteDbDataReaderAsync(CommandBehavior behavior, CancellationToken cancellationToken)
   at Microsoft.EntityFrameworkCore.Storage.RelationalCommand.ExecuteReaderAsync(RelationalCommandParameterObject parameterObject, CancellationToken cancellationToken)
   at System.Runtime.CompilerServices.AsyncMethodBuilderCore.Start[TStateMachine](TStateMachine& stateMachine)
   at Microsoft.EntityFrameworkCore.Storage.RelationalCommand.ExecuteReaderAsync(RelationalCommandParameterObject parameterObject, CancellationToken cancellationToken)
   at Microsoft.EntityFrameworkCore.Query.Internal.SingleQueryingEnumerable`1.AsyncEnumerator.InitializeReaderAsync(AsyncEnumerator enumerator, CancellationToken cancellationToken)
   at System.Runtime.CompilerServices.AsyncMethodBuilderCore.Start[TStateMachine](TStateMachine& stateMachine)
   at Microsoft.EntityFrameworkCore.Query.Internal.SingleQueryingEnumerable`1.AsyncEnumerator.InitializeReaderAsync(AsyncEnumerator enumerator, CancellationToken cancellationToken)
   at Microsoft.EntityFrameworkCore.Query.Internal.SingleQueryingEnumerable`1.AsyncEnumerator.<>c.<MoveNextAsync>b__20_0(DbContext _, AsyncEnumerator enumerator, CancellationToken cancellationToken)
   at Npgsql.EntityFrameworkCore.PostgreSQL.Storage.Internal.NpgsqlExecutionStrategy.ExecuteAsync[TState,TResult](TState state, Func`4 operation, Func`4 verifySucceeded, CancellationToken cancellationToken)
   at System.Runtime.CompilerServices.AsyncMethodBuilderCore.Start[TStateMachine](TStateMachine& stateMachine)
   at Npgsql.EntityFrameworkCore.PostgreSQL.Storage.Internal.NpgsqlExecutionStrategy.ExecuteAsync[TState,TResult](TState state, Func`4 operation, Func`4 verifySucceeded, CancellationToken cancellationToken)
   at Microsoft.EntityFrameworkCore.Query.Internal.SingleQueryingEnumerable`1.AsyncEnumerator.MoveNextAsync()
   at System.Runtime.CompilerServices.AsyncMethodBuilderCore.Start[TStateMachine](TStateMachine& stateMachine)
   at Microsoft.EntityFrameworkCore.Query.Internal.SingleQueryingEnumerable`1.AsyncEnumerator.MoveNextAsync()
   at System.Runtime.CompilerServices.ConfiguredCancelableAsyncEnumerable`1.Enumerator.MoveNextAsync()
   at Microsoft.EntityFrameworkCore.EntityFrameworkQueryableExtensions.ToListAsync[TSource](IQueryable`1 source, CancellationToken cancellationToken)
   at System.Runtime.CompilerServices.AsyncMethodBuilderCore.Start[TStateMachine](TStateMachine& stateMachine)
   at Microsoft.EntityFrameworkCore.EntityFrameworkQueryableExtensions.ToListAsync[TSource](IQueryable`1 source, CancellationToken cancellationToken)
   at FinSim.BusinessLayer.Structure.ScenarioAction.GetScenarioListActionAsync() in D:\Universitate\Proiect Practica\FinSim\backend\FinSim\FinSimWeb.BusinessLayer\Structure\ScenarioAction.cs:line 78
   at System.Runtime.CompilerServices.AsyncMethodBuilderCore.Start[TStateMachine](TStateMachine& stateMachine)
   at FinSim.BusinessLayer.Structure.ScenarioAction.GetScenarioListActionAsync()
   at FinSim.BusinessLayer.Core.ScenarioLogic.GetScenarioListAsync() in D:\Universitate\Proiect Practica\FinSim\backend\FinSim\FinSimWeb.BusinessLayer\Core\ScenarioLogic.cs:line 31
   at System.Runtime.CompilerServices.AsyncMethodBuilderCore.Start[TStateMachine](TStateMachine& stateMachine)
   at FinSim.BusinessLayer.Core.ScenarioLogic.GetScenarioListAsync()
   at FinSim.Api.Controllers.ScenarioController.GetScenarioList() in D:\Universitate\Proiect Practica\FinSim\backend\FinSim\FinSimWeb.Api\Controllers\ScenarioController.cs:line 36
   at System.Runtime.CompilerServices.AsyncMethodBuilderCore.Start[TStateMachine](TStateMachine& stateMachine)
   at FinSim.Api.Controllers.ScenarioController.GetScenarioList()
   at lambda_method251(Closure, Object, Object[])
   at Microsoft.AspNetCore.Mvc.Infrastructure.ActionMethodExecutor.TaskOfIActionResultExecutor.Execute(ActionContext actionContext, IActionResultTypeMapper mapper, ObjectMethodExecutor executor, Object controller, Object[] arguments)
   at System.Runtime.CompilerServices.AsyncMethodBuilderCore.Start[TStateMachine](TStateMachine& stateMachine)
   at Microsoft.AspNetCore.Mvc.Infrastructure.ActionMethodExecutor.TaskOfIActionResultExecutor.Execute(ActionContext actionContext, IActionResultTypeMapper mapper, ObjectMethodExecutor executor, Object controller, Object[] arguments)
   at Microsoft.AspNetCore.Mvc.Infrastructure.ControllerActionInvoker.InvokeActionMethodAsync()
   at Microsoft.AspNetCore.Mvc.Infrastructure.ControllerActionInvoker.Next(State& next, Scope& scope, Object& state, Boolean& isCompleted)
   at Microsoft.AspNetCore.Mvc.Infrastructure.ControllerActionInvoker.InvokeNextActionFilterAsync()
   at Microsoft.AspNetCore.Mvc.Infrastructure.ControllerActionInvoker.Next(State& next, Scope& scope, Object& state, Boolean& isCompleted)
   at Microsoft.AspNetCore.Mvc.Infrastructure.ControllerActionInvoker.InvokeNextActionFilterAsync()
   at Microsoft.AspNetCore.Mvc.Infrastructure.ControllerActionInvoker.Next(State& next, Scope& scope, Object& state, Boolean& isCompleted)
   at Microsoft.AspNetCore.Mvc.Infrastructure.ControllerActionInvoker.InvokeInnerFilterAsync()
   at Microsoft.AspNetCore.Mvc.Infrastructure.ResourceInvoker.Next(State& next, Scope& scope, Object& state, Boolean& isCompleted)
   at Microsoft.AspNetCore.Mvc.Infrastructure.ResourceInvoker.InvokeFilterPipelineAsync()
   at Microsoft.AspNetCore.Mvc.Infrastructure.ResourceInvoker.InvokeAsync()
   at Microsoft.AspNetCore.Mvc.Routing.ControllerRequestDelegateFactory.<>c__DisplayClass12_0.<CreateRequestDelegate>b__0(HttpContext context)
   at Microsoft.AspNetCore.Authorization.AuthorizationMiddleware.Invoke(HttpContext context)
   at System.Runtime.CompilerServices.AsyncMethodBuilderCore.Start[TStateMachine](TStateMachine& stateMachine)
   at Microsoft.AspNetCore.Authorization.AuthorizationMiddleware.Invoke(HttpContext context)
   at Microsoft.AspNetCore.Authentication.AuthenticationMiddleware.Invoke(HttpContext context)
   at System.Runtime.CompilerServices.AsyncMethodBuilderCore.Start[TStateMachine](TStateMachine& stateMachine)
   at Microsoft.AspNetCore.Authentication.AuthenticationMiddleware.Invoke(HttpContext context)
   at Microsoft.AspNetCore.StaticFiles.StaticFileMiddleware.Invoke(HttpContext context)
   at Microsoft.AspNetCore.HttpsPolicy.HttpsRedirectionMiddleware.Invoke(HttpContext context)
   at Microsoft.AspNetCore.StaticFiles.StaticFileMiddleware.Invoke(HttpContext context)
   at Swashbuckle.AspNetCore.SwaggerUI.SwaggerUIMiddleware.Invoke(HttpContext httpContext)
   at System.Runtime.CompilerServices.AsyncMethodBuilderCore.Start[TStateMachine](TStateMachine& stateMachine)
   at Swashbuckle.AspNetCore.SwaggerUI.SwaggerUIMiddleware.Invoke(HttpContext httpContext)
   at Swashbuckle.AspNetCore.Swagger.SwaggerMiddleware.Invoke(HttpContext httpContext, ISwaggerProvider swaggerProvider)
   at System.Runtime.CompilerServices.AsyncMethodBuilderCore.Start[TStateMachine](TStateMachine& stateMachine)
   at Swashbuckle.AspNetCore.Swagger.SwaggerMiddleware.Invoke(HttpContext httpContext, ISwaggerProvider swaggerProvider)
   at Serilog.AspNetCore.RequestLoggingMiddleware.Invoke(HttpContext httpContext)
   at System.Runtime.CompilerServices.AsyncMethodBuilderCore.Start[TStateMachine](TStateMachine& stateMachine)
   at Serilog.AspNetCore.RequestLoggingMiddleware.Invoke(HttpContext httpContext)
   at FinSim.Api.Middleware.ExceptionHandlingMiddleware.InvokeAsync(HttpContext context) in D:\Universitate\Proiect Practica\FinSim\backend\FinSim\FinSimWeb.Api\Middleware\ExceptionHandlingMiddleware.cs:line 20
   at System.Runtime.CompilerServices.AsyncMethodBuilderCore.Start[TStateMachine](TStateMachine& stateMachine)
   at FinSim.Api.Middleware.ExceptionHandlingMiddleware.InvokeAsync(HttpContext context)
   at Microsoft.AspNetCore.Diagnostics.DeveloperExceptionPageMiddlewareImpl.Invoke(HttpContext context)
   at System.Runtime.CompilerServices.AsyncMethodBuilderCore.Start[TStateMachine](TStateMachine& stateMachine)
   at Microsoft.AspNetCore.Diagnostics.DeveloperExceptionPageMiddlewareImpl.Invoke(HttpContext context)
   at Microsoft.AspNetCore.HostFiltering.HostFilteringMiddleware.Invoke(HttpContext context)
   at Microsoft.AspNetCore.Server.Kestrel.Core.Internal.Http.HttpProtocol.ProcessRequests[TContext](IHttpApplication`1 application)
   at System.Runtime.CompilerServices.AsyncMethodBuilderCore.Start[TStateMachine](TStateMachine& stateMachine)
   at Microsoft.AspNetCore.Server.Kestrel.Core.Internal.Http.HttpProtocol.ProcessRequests[TContext](IHttpApplication`1 application)
   at Microsoft.AspNetCore.Server.Kestrel.Core.Internal.Http.HttpProtocol.ProcessRequestsAsync[TContext](IHttpApplication`1 application)
   at System.Runtime.CompilerServices.AsyncMethodBuilderCore.Start[TStateMachine](TStateMachine& stateMachine)
   at Microsoft.AspNetCore.Server.Kestrel.Core.Internal.Http.HttpProtocol.ProcessRequestsAsync[TContext](IHttpApplication`1 application)
   at Microsoft.AspNetCore.Server.Kestrel.Core.Internal.HttpConnection.ProcessRequestsAsync[TContext](IHttpApplication`1 httpApplication)
   at System.Runtime.CompilerServices.AsyncMethodBuilderCore.Start[TStateMachine](TStateMachine& stateMachine)
   at Microsoft.AspNetCore.Server.Kestrel.Core.Internal.HttpConnection.ProcessRequestsAsync[TContext](IHttpApplication`1 httpApplication)
   at Microsoft.AspNetCore.Server.Kestrel.Core.Internal.HttpConnectionMiddleware`1.OnConnectionAsync(ConnectionContext connectionContext)
   at Microsoft.AspNetCore.Server.Kestrel.Core.Internal.Infrastructure.KestrelConnection`1.ExecuteAsync()
   at System.Runtime.CompilerServices.AsyncMethodBuilderCore.Start[TStateMachine](TStateMachine& stateMachine)
   at Microsoft.AspNetCore.Server.Kestrel.Core.Internal.Infrastructure.KestrelConnection`1.ExecuteAsync()
   at Microsoft.AspNetCore.Server.Kestrel.Core.Internal.Infrastructure.KestrelConnection`1.System.Threading.IThreadPoolWorkItem.Execute()
   at System.Threading.ThreadPoolWorkQueue.Dispatch()
   at System.Threading.PortableThreadPool.WorkerThread.WorkerThreadStart()
--- End of stack trace from previous location ---

   --- End of inner exception stack trace ---
   at Npgsql.Internal.NpgsqlReadBuffer.<Ensure>g__EnsureLong|54_0(NpgsqlReadBuffer buffer, Int32 count, Boolean async, Boolean readingNotifications)
   at Npgsql.Internal.NpgsqlReadBuffer.<Ensure>g__EnsureLong|54_0(NpgsqlReadBuffer buffer, Int32 count, Boolean async, Boolean readingNotifications)
   at System.Runtime.CompilerServices.PoolingAsyncValueTaskMethodBuilder`1.StateMachineBox`1.System.Threading.Tasks.Sources.IValueTaskSource.GetResult(Int16 token)
   at Npgsql.Internal.NpgsqlConnector.ReadMessageLong(Boolean async, DataRowLoadingMode dataRowLoadingMode, Boolean readingNotifications, Boolean isReadingPrependedMessage)
   at System.Runtime.CompilerServices.PoolingAsyncValueTaskMethodBuilder`1.StateMachineBox`1.System.Threading.Tasks.Sources.IValueTaskSource<TResult>.GetResult(Int16 token)
   at Npgsql.Internal.NpgsqlConnector.ReadMessageLong(Boolean async, DataRowLoadingMode dataRowLoadingMode, Boolean readingNotifications, Boolean isReadingPrependedMessage)
   at System.Runtime.CompilerServices.PoolingAsyncValueTaskMethodBuilder`1.StateMachineBox`1.System.Threading.Tasks.Sources.IValueTaskSource<TResult>.GetResult(Int16 token)
   at Npgsql.NpgsqlDataReader.NextResult(Boolean async, Boolean isConsuming, CancellationToken cancellationToken)
   at Npgsql.NpgsqlDataReader.NextResult(Boolean async, Boolean isConsuming, CancellationToken cancellationToken)
   at Npgsql.NpgsqlCommand.ExecuteReader(Boolean async, CommandBehavior behavior, CancellationToken cancellationToken)
   at Npgsql.NpgsqlCommand.ExecuteReader(Boolean async, CommandBehavior behavior, CancellationToken cancellationToken)
   at Npgsql.NpgsqlCommand.ExecuteDbDataReaderAsync(CommandBehavior behavior, CancellationToken cancellationToken)
   at Microsoft.EntityFrameworkCore.Storage.RelationalCommand.ExecuteReaderAsync(RelationalCommandParameterObject parameterObject, CancellationToken cancellationToken)
   at Microsoft.EntityFrameworkCore.Storage.RelationalCommand.ExecuteReaderAsync(RelationalCommandParameterObject parameterObject, CancellationToken cancellationToken)
   at Microsoft.EntityFrameworkCore.Query.Internal.SingleQueryingEnumerable`1.AsyncEnumerator.InitializeReaderAsync(AsyncEnumerator enumerator, CancellationToken cancellationToken)
   at Npgsql.EntityFrameworkCore.PostgreSQL.Storage.Internal.NpgsqlExecutionStrategy.ExecuteAsync[TState,TResult](TState state, Func`4 operation, Func`4 verifySucceeded, CancellationToken cancellationToken)
   --- End of inner exception stack trace ---
   at Npgsql.EntityFrameworkCore.PostgreSQL.Storage.Internal.NpgsqlExecutionStrategy.ExecuteAsync[TState,TResult](TState state, Func`4 operation, Func`4 verifySucceeded, CancellationToken cancellationToken)
   at Microsoft.EntityFrameworkCore.Query.Internal.SingleQueryingEnumerable`1.AsyncEnumerator.MoveNextAsync()
   at Microsoft.EntityFrameworkCore.EntityFrameworkQueryableExtensions.ToListAsync[TSource](IQueryable`1 source, CancellationToken cancellationToken)
   at Microsoft.EntityFrameworkCore.EntityFrameworkQueryableExtensions.ToListAsync[TSource](IQueryable`1 source, CancellationToken cancellationToken)
   at FinSim.BusinessLayer.Structure.ScenarioAction.GetScenarioListActionAsync() in D:\Universitate\Proiect Practica\FinSim\backend\FinSim\FinSimWeb.BusinessLayer\Structure\ScenarioAction.cs:line 78
   at FinSim.BusinessLayer.Core.ScenarioLogic.GetScenarioListAsync() in D:\Universitate\Proiect Practica\FinSim\backend\FinSim\FinSimWeb.BusinessLayer\Core\ScenarioLogic.cs:line 31
   at FinSim.Api.Controllers.ScenarioController.GetScenarioList() in D:\Universitate\Proiect Practica\FinSim\backend\FinSim\FinSimWeb.Api\Controllers\ScenarioController.cs:line 36
   at Microsoft.AspNetCore.Mvc.Infrastructure.ActionMethodExecutor.TaskOfIActionResultExecutor.Execute(ActionContext actionContext, IActionResultTypeMapper mapper, ObjectMethodExecutor executor, Object controller, Object[] arguments)
   at Microsoft.AspNetCore.Mvc.Infrastructure.ControllerActionInvoker.<InvokeActionMethodAsync>g__Awaited|12_0(ControllerActionInvoker invoker, ValueTask`1 actionResultValueTask)
   at Microsoft.AspNetCore.Mvc.Infrastructure.ControllerActionInvoker.<InvokeNextActionFilterAsync>g__Awaited|10_0(ControllerActionInvoker invoker, Task lastTask, State next, Scope scope, Object state, Boolean isCompleted)
   at Microsoft.AspNetCore.Mvc.Infrastructure.ControllerActionInvoker.Rethrow(ActionExecutedContextSealed context)
   at Microsoft.AspNetCore.Mvc.Infrastructure.ControllerActionInvoker.Next(State& next, Scope& scope, Object& state, Boolean& isCompleted)
   at Microsoft.AspNetCore.Mvc.Infrastructure.ControllerActionInvoker.InvokeInnerFilterAsync()
--- End of stack trace from previous location ---
   at Microsoft.AspNetCore.Mvc.Infrastructure.ResourceInvoker.<InvokeFilterPipelineAsync>g__Awaited|20_0(ResourceInvoker invoker, Task lastTask, State next, Scope scope, Object state, Boolean isCompleted)
   at Microsoft.AspNetCore.Mvc.Infrastructure.ResourceInvoker.<InvokeAsync>g__Awaited|17_0(ResourceInvoker invoker, Task task, IDisposable scope)
   at Microsoft.AspNetCore.Mvc.Infrastructure.ResourceInvoker.<InvokeAsync>g__Awaited|17_0(ResourceInvoker invoker, Task task, IDisposable scope)
   at Microsoft.AspNetCore.Authorization.AuthorizationMiddleware.Invoke(HttpContext context)
   at Microsoft.AspNetCore.Authentication.AuthenticationMiddleware.Invoke(HttpContext context)
   at Swashbuckle.AspNetCore.SwaggerUI.SwaggerUIMiddleware.Invoke(HttpContext httpContext)
   at Swashbuckle.AspNetCore.Swagger.SwaggerMiddleware.Invoke(HttpContext httpContext, ISwaggerProvider swaggerProvider)
   at Serilog.AspNetCore.RequestLoggingMiddleware.Invoke(HttpContext httpContext)
   at FinSim.Api.Middleware.ExceptionHandlingMiddleware.InvokeAsync(HttpContext context) in D:\Universitate\Proiect Practica\FinSim\backend\FinSim\FinSimWeb.Api\Middleware\ExceptionHandlingMiddleware.cs:line 20
2026-09-16 09:05:16.908 +03:00 [INF] Now listening on: http://localhost:5250
2026-09-16 09:05:16.928 +03:00 [INF] Application started. Press Ctrl+C to shut down.
2026-09-16 09:05:16.928 +03:00 [INF] Hosting environment: Development
2026-09-16 09:05:16.928 +03:00 [INF] Content root path: D:\Universitate\Proiect Practica\FinSim\backend\FinSim\FinSimWeb.Api
2026-09-16 09:05:23.099 +03:00 [WRN] Failed to determine the https port for redirect.
2026-09-16 09:05:23.126 +03:00 [INF] HTTP GET /api/health/check responded 200 in 35.0875 ms
2026-09-16 09:05:28.452 +03:00 [INF] Executed DbCommand (28ms) [Parameters=[@__data_Email_0='?'], CommandType='"Text"', CommandTimeout='30']
SELECT u."Id", u."BirthDate", u."CompletedScenarios", u."Email", u."FirstName", u."IsDeleted", u."LastName", u."Password", u."RegisteredAt", u."Role", u."Status", u."TotalScore"
FROM "Users" AS u
WHERE u."Email" = @__data_Email_0 AND NOT (u."IsDeleted")
LIMIT 1
2026-09-16 09:05:28.465 +03:00 [INF] HTTP POST /api/session/login responded 400 in 674.8706 ms
2026-09-16 09:05:28.552 +03:00 [INF] Executed DbCommand (2ms) [Parameters=[@__data_Email_0='?'], CommandType='"Text"', CommandTimeout='30']
SELECT u."Id", u."BirthDate", u."CompletedScenarios", u."Email", u."FirstName", u."IsDeleted", u."LastName", u."Password", u."RegisteredAt", u."Role", u."Status", u."TotalScore"
FROM "Users" AS u
WHERE u."Email" = @__data_Email_0 AND NOT (u."IsDeleted")
LIMIT 1
2026-09-16 09:05:28.553 +03:00 [INF] HTTP POST /api/session/login responded 400 in 39.7498 ms
2026-09-16 09:05:28.617 +03:00 [INF] Executed DbCommand (1ms) [Parameters=[@__data_Email_0='?'], CommandType='"Text"', CommandTimeout='30']
SELECT u."Id", u."BirthDate", u."CompletedScenarios", u."Email", u."FirstName", u."IsDeleted", u."LastName", u."Password", u."RegisteredAt", u."Role", u."Status", u."TotalScore"
FROM "Users" AS u
WHERE u."Email" = @__data_Email_0 AND NOT (u."IsDeleted")
LIMIT 1
2026-09-16 09:05:28.618 +03:00 [INF] HTTP POST /api/session/login responded 400 in 10.6807 ms
2026-09-16 09:05:28.651 +03:00 [INF] Executed DbCommand (1ms) [Parameters=[@__data_Email_0='?'], CommandType='"Text"', CommandTimeout='30']
SELECT u."Id", u."BirthDate", u."CompletedScenarios", u."Email", u."FirstName", u."IsDeleted", u."LastName", u."Password", u."RegisteredAt", u."Role", u."Status", u."TotalScore"
FROM "Users" AS u
WHERE u."Email" = @__data_Email_0 AND NOT (u."IsDeleted")
LIMIT 1
2026-09-16 09:05:28.652 +03:00 [INF] HTTP POST /api/session/login responded 400 in 3.1700 ms
2026-09-16 09:05:28.688 +03:00 [INF] Executed DbCommand (1ms) [Parameters=[@__data_Email_0='?'], CommandType='"Text"', CommandTimeout='30']
SELECT u."Id", u."BirthDate", u."CompletedScenarios", u."Email", u."FirstName", u."IsDeleted", u."LastName", u."Password", u."RegisteredAt", u."Role", u."Status", u."TotalScore"
FROM "Users" AS u
WHERE u."Email" = @__data_Email_0 AND NOT (u."IsDeleted")
LIMIT 1
2026-09-16 09:05:28.689 +03:00 [INF] HTTP POST /api/session/login responded 400 in 3.2377 ms
2026-09-16 09:05:28.721 +03:00 [INF] HTTP POST /api/session/login responded 429 in 0.6640 ms
2026-09-16 09:05:28.753 +03:00 [INF] HTTP POST /api/session/login responded 429 in 0.3052 ms
2026-09-16 09:05:35.781 +03:00 [INF] Executed DbCommand (2ms) [Parameters=[], CommandType='"Text"', CommandTimeout='30']
SELECT s."Id", s."Description", s."Difficulty", s."InitialBalance", s."InitialCreditScore", s."InitialStress", s."IsDeleted", s."Name", s."RequiresAccount", s."Slug", s."StepsJson"
FROM "Scenarios" AS s
WHERE NOT (s."IsDeleted")
2026-09-16 09:05:35.844 +03:00 [INF] HTTP GET /api/scenarios/list responded 200 in 81.0458 ms
2026-09-16 09:05:35.889 +03:00 [INF] HTTP GET /api/health/check responded 200 in 0.2620 ms
2026-09-16 09:05:35.935 +03:00 [INF] HTTP GET /api/health/check responded 200 in 0.2722 ms
2026-09-16 09:05:35.984 +03:00 [INF] HTTP GET /api/health/check responded 200 in 0.2507 ms
2026-09-16 09:24:17.409 +03:00 [INF] Now listening on: https://localhost:7015
2026-09-16 09:24:17.442 +03:00 [INF] Now listening on: http://localhost:5070
2026-09-16 09:24:17.446 +03:00 [INF] Application started. Press Ctrl+C to shut down.
2026-09-16 09:24:17.450 +03:00 [INF] Hosting environment: Development
2026-09-16 09:24:17.452 +03:00 [INF] Content root path: D:\Universitate\Proiect Practica\FinSim\backend\FinSim\FinSimWeb.Api
2026-09-16 09:24:17.944 +03:00 [INF] HTTP GET /swagger/index.html responded 200 in 76.1728 ms
2026-09-16 09:24:18.118 +03:00 [INF] HTTP GET /swagger/index.js responded 200 in 2.5855 ms
2026-09-16 09:24:18.352 +03:00 [INF] HTTP GET /swagger/v1/swagger.json responded 200 in 161.3414 ms
2026-09-16 09:24:32.228 +03:00 [INF] HTTP POST /api/messages/create responded 401 in 48.4736 ms
2026-09-16 09:26:36.046 +03:00 [INF] HTTP POST /api/users/create responded 401 in 6.3382 ms
2026-09-16 09:27:30.984 +03:00 [INF] Executed DbCommand (103ms) [Parameters=[@__data_Email_0='?'], CommandType='"Text"', CommandTimeout='30']
SELECT EXISTS (
    SELECT 1
    FROM "Users" AS u
    WHERE u."Email" = @__data_Email_0 AND NOT (u."IsDeleted"))
2026-09-16 09:27:31.697 +03:00 [INF] Executed DbCommand (25ms) [Parameters=[@p0='?' (DbType = Date), @p1='?' (DbType = Int32), @p2='?', @p3='?', @p4='?' (DbType = Boolean), @p5='?', @p6='?', @p7='?' (DbType = DateTime), @p8='?' (DbType = Int32), @p9='?' (DbType = Int32), @p10='?' (DbType = Int32)], CommandType='"Text"', CommandTimeout='30']
INSERT INTO "Users" ("BirthDate", "CompletedScenarios", "Email", "FirstName", "IsDeleted", "LastName", "Password", "RegisteredAt", "Role", "Status", "TotalScore")
VALUES (@p0, @p1, @p2, @p3, @p4, @p5, @p6, @p7, @p8, @p9, @p10)
RETURNING "Id";
2026-09-16 09:27:31.761 +03:00 [INF] HTTP POST /api/register responded 200 in 2851.1428 ms
2026-09-16 09:28:32.536 +03:00 [INF] Executed DbCommand (2ms) [Parameters=[@__data_Email_0='?'], CommandType='"Text"', CommandTimeout='30']
SELECT u."Id", u."BirthDate", u."CompletedScenarios", u."Email", u."FirstName", u."IsDeleted", u."LastName", u."Password", u."RegisteredAt", u."Role", u."Status", u."TotalScore"
FROM "Users" AS u
WHERE u."Email" = @__data_Email_0 AND NOT (u."IsDeleted")
LIMIT 1
2026-09-16 09:28:32.920 +03:00 [INF] Executed DbCommand (5ms) [Parameters=[@p0='?' (DbType = DateTime), @p1='?' (DbType = DateTime), @p2='?' (DbType = DateTime), @p3='?', @p4='?' (DbType = Int32)], CommandType='"Text"', CommandTimeout='30']
INSERT INTO "RefreshTokens" ("CreatedAt", "ExpiresAt", "RevokedAt", "Token", "UserId")
VALUES (@p0, @p1, @p2, @p3, @p4)
RETURNING "Id";
2026-09-16 09:28:32.946 +03:00 [INF] HTTP POST /api/session/login responded 200 in 539.6060 ms
2026-09-16 09:29:20.815 +03:00 [INF] Executed DbCommand (1ms) [Parameters=[@__id_0='?' (DbType = Int32)], CommandType='"Text"', CommandTimeout='30']
SELECT u."Id", u."BirthDate", u."CompletedScenarios", u."Email", u."FirstName", u."IsDeleted", u."LastName", u."Password", u."RegisteredAt", u."Role", u."Status", u."TotalScore"
FROM "Users" AS u
WHERE u."Id" = @__id_0 AND NOT (u."IsDeleted")
LIMIT 1
2026-09-16 09:29:20.864 +03:00 [INF] HTTP GET /api/session/me responded 200 in 145.0598 ms
2026-09-16 09:30:55.407 +03:00 [INF] HTTP DELETE /api/scenarios/100 responded 403 in 3.1949 ms
2026-09-16 09:32:35.614 +03:00 [INF] Application is shutting down...
2026-09-16 09:33:30.021 +03:00 [INF] Now listening on: http://localhost:5250
2026-09-16 09:33:30.044 +03:00 [INF] Application started. Press Ctrl+C to shut down.
2026-09-16 09:33:30.045 +03:00 [INF] Hosting environment: Development
2026-09-16 09:33:30.045 +03:00 [INF] Content root path: D:\Universitate\Proiect Practica\FinSim\backend\FinSim\FinSimWeb.Api
2026-09-16 09:33:35.920 +03:00 [WRN] Failed to determine the https port for redirect.
2026-09-16 09:33:36.017 +03:00 [INF] HTTP GET /api/health/check responded 200 in 106 ms (User: anonim, IP: ::1)
2026-09-16 09:33:44.425 +03:00 [INF] HTTP POST /api/session/login responded 200 in 1046 ms (User: anonim, IP: ::1)
2026-09-16 09:33:44.628 +03:00 [INF] HTTP GET /api/scenarios/list responded 200 in 110 ms (User: 9, IP: ::1)
2026-09-16 09:33:44.672 +03:00 [INF] HTTP POST /api/session/login responded 400 in 12 ms (User: anonim, IP: ::1)
2026-09-16 09:33:44.707 +03:00 [INF] HTTP GET /api/users/list responded 401 in 4 ms (User: anonim, IP: ::1)
2026-09-16 09:33:44.739 +03:00 [INF] HTTP GET /api/users/list responded 401 in 1 ms (User: anonim, IP: ::1)
2026-09-16 09:38:18.311 +03:00 [INF] Now listening on: https://localhost:7015
2026-09-16 09:38:18.345 +03:00 [INF] Now listening on: http://localhost:5070
2026-09-16 09:38:18.351 +03:00 [INF] Application started. Press Ctrl+C to shut down.
2026-09-16 09:38:18.354 +03:00 [INF] Hosting environment: Development
2026-09-16 09:38:18.356 +03:00 [INF] Content root path: D:\Universitate\Proiect Practica\FinSim\backend\FinSim\FinSimWeb.Api
2026-09-16 09:38:18.906 +03:00 [INF] HTTP GET /swagger/index.html responded 200 in 76 ms (User: anonim, IP: ::1)
2026-09-16 09:38:19.060 +03:00 [INF] HTTP GET /swagger/index.js responded 200 in 1 ms (User: anonim, IP: ::1)
2026-09-16 09:38:19.361 +03:00 [INF] HTTP GET /swagger/v1/swagger.json responded 200 in 153 ms (User: anonim, IP: ::1)
2026-09-16 09:38:57.230 +03:00 [INF] HTTP POST /api/session/login responded 200 in 3109 ms (User: anonim, IP: ::1)
2026-09-16 09:39:36.755 +03:00 [INF] HTTP GET /api/session/me responded 200 in 196 ms (User: 13, IP: ::1)
2026-09-16 09:40:01.145 +03:00 [INF] HTTP DELETE /api/resources/videos/30 responded 403 in 10 ms (User: 13, IP: ::1)
2026-09-16 10:40:23.138 +03:00 [INF] Now listening on: http://localhost:5250
2026-09-16 10:40:23.157 +03:00 [INF] Application started. Press Ctrl+C to shut down.
2026-09-16 10:40:23.158 +03:00 [INF] Hosting environment: Development
2026-09-16 10:40:23.158 +03:00 [INF] Content root path: D:\Universitate\Proiect Practica\FinSim\backend\FinSim\FinSimWeb.Api
2026-09-16 10:40:29.100 +03:00 [WRN] Failed to determine the https port for redirect.
2026-09-16 10:40:29.131 +03:00 [INF] HTTP GET /api/health/check responded 200 in 39 ms (User: anonim, IP: ::1)
2026-09-16 10:40:42.932 +03:00 [INF] HTTP POST /api/session/login responded 200 in 1732 ms (User: anonim, IP: ::1)
2026-09-16 10:40:43.173 +03:00 [INF] HTTP GET /api/session/me responded 200 in 131 ms (User: 9, IP: ::1)
2026-09-16 10:40:43.256 +03:00 [INF] HTTP GET /api/users/list responded 200 in 48 ms (User: 9, IP: ::1)
2026-09-16 10:40:43.348 +03:00 [INF] HTTP GET /api/scenarios/list responded 200 in 58 ms (User: anonim, IP: ::1)
2026-09-16 10:40:43.414 +03:00 [INF] HTTP GET /api/scenario-history/list responded 200 in 31 ms (User: 9, IP: ::1)
2026-09-16 10:40:43.471 +03:00 [INF] HTTP GET /api/leaderboard/list responded 200 in 25 ms (User: anonim, IP: ::1)
2026-09-16 10:40:43.534 +03:00 [INF] HTTP GET /api/reviews/list responded 200 in 29 ms (User: anonim, IP: ::1)
2026-09-16 10:40:43.601 +03:00 [INF] HTTP GET /api/notifications/list responded 200 in 31 ms (User: 9, IP: ::1)
2026-09-16 10:40:43.666 +03:00 [INF] HTTP GET /api/resources/videos responded 200 in 32 ms (User: anonim, IP: ::1)
2026-09-16 10:40:43.736 +03:00 [INF] HTTP GET /api/messages/list responded 200 in 35 ms (User: 9, IP: ::1)
2026-09-16 10:40:43.800 +03:00 [INF] HTTP POST /api/register responded 400 in 31 ms (User: anonim, IP: ::1)
2026-09-16 11:13:49.771 +03:00 [INF] Now listening on: http://localhost:5250
2026-09-16 11:13:49.792 +03:00 [INF] Application started. Press Ctrl+C to shut down.
2026-09-16 11:13:49.793 +03:00 [INF] Hosting environment: Development
2026-09-16 11:13:49.793 +03:00 [INF] Content root path: D:\Universitate\Proiect Practica\FinSim\backend\FinSim\FinSimWeb.Api
2026-09-16 11:13:55.534 +03:00 [WRN] Failed to determine the https port for redirect.
2026-09-16 11:13:55.574 +03:00 [INF] HTTP GET /api/health/check responded 200 in 51 ms (User: anonim, IP: ::1)
2026-09-16 11:14:02.238 +03:00 [INF] HTTP POST /api/health/test-email responded 200 in 1914 ms (User: anonim, IP: ::1)
2026-09-16 11:22:41.083 +03:00 [INF] Now listening on: http://localhost:5250
2026-09-16 11:22:41.103 +03:00 [INF] Application started. Press Ctrl+C to shut down.
2026-09-16 11:22:41.103 +03:00 [INF] Hosting environment: Development
2026-09-16 11:22:41.104 +03:00 [INF] Content root path: D:\Universitate\Proiect Practica\FinSim\backend\FinSim\FinSimWeb.Api
2026-09-16 11:22:47.261 +03:00 [WRN] Failed to determine the https port for redirect.
2026-09-16 11:22:48.506 +03:00 [INF] HTTP POST /api/health/test-email responded 200 in 1251 ms (User: anonim, IP: ::1)
2026-09-16 11:45:13.560 +03:00 [INF] Now listening on: http://localhost:5250
2026-09-16 11:45:13.579 +03:00 [INF] Application started. Press Ctrl+C to shut down.
2026-09-16 11:45:13.579 +03:00 [INF] Hosting environment: Development
2026-09-16 11:45:13.579 +03:00 [INF] Content root path: D:\Universitate\Proiect Practica\FinSim\backend\FinSim\FinSimWeb.Api
2026-09-16 11:45:19.659 +03:00 [WRN] Failed to determine the https port for redirect.
2026-09-16 11:45:19.693 +03:00 [INF] HTTP GET /api/health/check responded 200 in 44 ms (User: anonim, IP: ::1)
2026-09-16 11:45:34.562 +03:00 [INF] HTTP POST /api/register/start responded 200 in 3217 ms (User: anonim, IP: ::1)
2026-09-16 11:45:42.671 +03:00 [INF] HTTP POST /api/register/confirm responded 400 in 79 ms (User: anonim, IP: ::1)
2026-09-16 11:45:42.820 +03:00 [INF] HTTP POST /api/register/confirm responded 200 in 113 ms (User: anonim, IP: ::1)
2026-09-16 11:45:50.748 +03:00 [INF] HTTP POST /api/session/login responded 200 in 343 ms (User: anonim, IP: ::1)
2026-09-16 11:45:52.878 +03:00 [INF] HTTP POST /api/session/change-password/start responded 200 in 2015 ms (User: 14, IP: ::1)
2026-09-16 11:46:02.005 +03:00 [INF] HTTP POST /api/session/login responded 200 in 141 ms (User: anonim, IP: ::1)
2026-09-16 11:46:02.105 +03:00 [INF] HTTP POST /api/session/change-password/confirm responded 400 in 14 ms (User: 14, IP: ::1)
2026-09-16 11:46:02.156 +03:00 [INF] HTTP POST /api/session/change-password/confirm responded 200 in 16 ms (User: 14, IP: ::1)
2026-09-16 11:46:02.190 +03:00 [INF] HTTP POST /api/session/login responded 429 in 1 ms (User: anonim, IP: ::1)
2026-09-16 11:46:02.227 +03:00 [INF] HTTP POST /api/session/login responded 429 in 0 ms (User: anonim, IP: ::1)
2026-09-16 11:46:25.905 +03:00 [INF] HTTP POST /api/session/forgot-password responded 429 in 0 ms (User: anonim, IP: ::1)
2026-09-16 11:46:28.983 +03:00 [INF] HTTP POST /api/session/forgot-password responded 429 in 0 ms (User: anonim, IP: ::1)
2026-09-16 11:46:33.365 +03:00 [INF] HTTP POST /api/session/forgot-password responded 200 in 1305 ms (User: anonim, IP: ::1)
2026-09-16 11:46:50.039 +03:00 [INF] HTTP POST /api/session/reset-password responded 400 in 15 ms (User: anonim, IP: ::1)
2026-09-16 11:46:50.214 +03:00 [INF] HTTP POST /api/session/reset-password responded 200 in 143 ms (User: anonim, IP: ::1)
2026-09-16 11:46:50.464 +03:00 [INF] HTTP POST /api/session/forgot-password responded 200 in 3 ms (User: anonim, IP: ::1)
2026-09-16 11:46:56.716 +03:00 [INF] HTTP POST /api/session/login responded 200 in 143 ms (User: anonim, IP: ::1)
2026-09-16 12:34:07.109 +03:00 [INF] Now listening on: https://localhost:7015
2026-09-16 12:34:07.146 +03:00 [INF] Now listening on: http://localhost:5070
2026-09-16 12:34:07.151 +03:00 [INF] Application started. Press Ctrl+C to shut down.
2026-09-16 12:34:07.154 +03:00 [INF] Hosting environment: Development
2026-09-16 12:34:07.156 +03:00 [INF] Content root path: D:\Universitate\Proiect Practica\FinSim\backend\FinSim\FinSimWeb.Api
2026-09-16 12:34:07.669 +03:00 [INF] HTTP GET /swagger/index.html responded 200 in 79 ms (User: anonim, IP: ::1)
2026-09-16 12:34:07.955 +03:00 [INF] HTTP GET /swagger/index.js responded 200 in 2 ms (User: anonim, IP: ::1)
2026-09-16 12:34:08.254 +03:00 [INF] HTTP GET /swagger/v1/swagger.json responded 200 in 156 ms (User: anonim, IP: ::1)
2026-09-16 12:34:52.134 +03:00 [INF] HTTP POST /api/register/start responded 200 in 4263 ms (User: anonim, IP: ::1)
2026-09-16 12:35:18.712 +03:00 [INF] HTTP POST /api/register/start responded 400 in 71 ms (User: anonim, IP: ::1)
2026-09-16 12:35:42.804 +03:00 [INF] HTTP POST /api/register/start responded 200 in 1613 ms (User: anonim, IP: ::1)
2026-09-16 12:36:49.243 +03:00 [INF] HTTP POST /api/register/confirm responded 200 in 145 ms (User: anonim, IP: ::1)
2026-09-16 12:37:43.596 +03:00 [INF] HTTP POST /api/session/login responded 200 in 226 ms (User: anonim, IP: ::1)
2026-09-16 12:38:33.622 +03:00 [INF] HTTP POST /api/session/change-password/start responded 400 in 179 ms (User: 15, IP: ::1)
2026-09-16 12:38:39.495 +03:00 [INF] HTTP POST /api/session/change-password/start responded 200 in 1401 ms (User: 15, IP: ::1)
2026-09-16 12:39:10.451 +03:00 [INF] HTTP POST /api/session/change-password/confirm responded 200 in 30 ms (User: 15, IP: ::1)
2026-09-16 12:50:56.835 +03:00 [INF] HTTP GET /api/session/me responded 200 in 65 ms (User: 15, IP: ::1)
2026-09-16 13:33:14.399 +03:00 [INF] Application is shutting down...
2026-09-16 13:47:54.384 +03:00 [INF] Now listening on: http://localhost:5070
2026-09-16 13:47:54.405 +03:00 [INF] Application started. Press Ctrl+C to shut down.
2026-09-16 13:47:54.405 +03:00 [INF] Hosting environment: Development
2026-09-16 13:47:54.405 +03:00 [INF] Content root path: D:\Universitate\Proiect Practica\FinSim\backend\FinSim\FinSimWeb.Api
2026-09-16 13:48:09.941 +03:00 [WRN] Failed to determine the https port for redirect.
2026-09-16 13:48:09.980 +03:00 [ERR] HTTP GET /api/health/check responded 500 in 50 ms (User: anonim, IP: ::1)
System.InvalidOperationException: test errorId flow
   at FinSim.Api.Controllers.HealthController.Check() in D:\Universitate\Proiect Practica\FinSim\backend\FinSim\FinSimWeb.Api\Controllers\HealthController.cs:line 12
   at lambda_method2(Closure, Object, Object[])
   at Microsoft.AspNetCore.Mvc.Infrastructure.ActionMethodExecutor.SyncActionResultExecutor.Execute(ActionContext actionContext, IActionResultTypeMapper mapper, ObjectMethodExecutor executor, Object controller, Object[] arguments)
   at Microsoft.AspNetCore.Mvc.Infrastructure.ControllerActionInvoker.InvokeActionMethodAsync()
   at Microsoft.AspNetCore.Mvc.Infrastructure.ControllerActionInvoker.Next(State& next, Scope& scope, Object& state, Boolean& isCompleted)
   at Microsoft.AspNetCore.Mvc.Infrastructure.ControllerActionInvoker.InvokeNextActionFilterAsync()
--- End of stack trace from previous location ---
   at Microsoft.AspNetCore.Mvc.Infrastructure.ControllerActionInvoker.Rethrow(ActionExecutedContextSealed context)
   at Microsoft.AspNetCore.Mvc.Infrastructure.ControllerActionInvoker.Next(State& next, Scope& scope, Object& state, Boolean& isCompleted)
   at Microsoft.AspNetCore.Mvc.Infrastructure.ControllerActionInvoker.InvokeInnerFilterAsync()
--- End of stack trace from previous location ---
   at Microsoft.AspNetCore.Mvc.Infrastructure.ResourceInvoker.<InvokeFilterPipelineAsync>g__Awaited|20_0(ResourceInvoker invoker, Task lastTask, State next, Scope scope, Object state, Boolean isCompleted)
   at Microsoft.AspNetCore.Mvc.Infrastructure.ResourceInvoker.<InvokeAsync>g__Awaited|17_0(ResourceInvoker invoker, Task task, IDisposable scope)
   at Microsoft.AspNetCore.Mvc.Infrastructure.ResourceInvoker.<InvokeAsync>g__Awaited|17_0(ResourceInvoker invoker, Task task, IDisposable scope)
   at Microsoft.AspNetCore.RateLimiting.RateLimitingMiddleware.InvokeInternal(HttpContext context, EnableRateLimitingAttribute enableRateLimitingAttribute)
   at Microsoft.AspNetCore.Authorization.AuthorizationMiddleware.Invoke(HttpContext context)
   at Microsoft.AspNetCore.Authentication.AuthenticationMiddleware.Invoke(HttpContext context)
   at Swashbuckle.AspNetCore.SwaggerUI.SwaggerUIMiddleware.Invoke(HttpContext httpContext)
   at Swashbuckle.AspNetCore.Swagger.SwaggerMiddleware.Invoke(HttpContext httpContext, ISwaggerProvider swaggerProvider)
   at Serilog.AspNetCore.RequestLoggingMiddleware.Invoke(HttpContext httpContext)
2026-09-16 13:48:09.998 +03:00 [ERR] Unhandled exception on GET /api/health/check (User: anonim, IP: ::1, ErrorId: "be91abe9-4bad-4f40-a2fc-346382e615b2")
System.InvalidOperationException: test errorId flow
   at FinSim.Api.Controllers.HealthController.Check() in D:\Universitate\Proiect Practica\FinSim\backend\FinSim\FinSimWeb.Api\Controllers\HealthController.cs:line 12
   at lambda_method2(Closure, Object, Object[])
   at Microsoft.AspNetCore.Mvc.Infrastructure.ActionMethodExecutor.SyncActionResultExecutor.Execute(ActionContext actionContext, IActionResultTypeMapper mapper, ObjectMethodExecutor executor, Object controller, Object[] arguments)
   at Microsoft.AspNetCore.Mvc.Infrastructure.ControllerActionInvoker.InvokeActionMethodAsync()
   at Microsoft.AspNetCore.Mvc.Infrastructure.ControllerActionInvoker.Next(State& next, Scope& scope, Object& state, Boolean& isCompleted)
   at Microsoft.AspNetCore.Mvc.Infrastructure.ControllerActionInvoker.InvokeNextActionFilterAsync()
--- End of stack trace from previous location ---
   at Microsoft.AspNetCore.Mvc.Infrastructure.ControllerActionInvoker.Rethrow(ActionExecutedContextSealed context)
   at Microsoft.AspNetCore.Mvc.Infrastructure.ControllerActionInvoker.Next(State& next, Scope& scope, Object& state, Boolean& isCompleted)
   at Microsoft.AspNetCore.Mvc.Infrastructure.ControllerActionInvoker.InvokeInnerFilterAsync()
--- End of stack trace from previous location ---
   at Microsoft.AspNetCore.Mvc.Infrastructure.ResourceInvoker.<InvokeFilterPipelineAsync>g__Awaited|20_0(ResourceInvoker invoker, Task lastTask, State next, Scope scope, Object state, Boolean isCompleted)
   at Microsoft.AspNetCore.Mvc.Infrastructure.ResourceInvoker.<InvokeAsync>g__Awaited|17_0(ResourceInvoker invoker, Task task, IDisposable scope)
   at Microsoft.AspNetCore.Mvc.Infrastructure.ResourceInvoker.<InvokeAsync>g__Awaited|17_0(ResourceInvoker invoker, Task task, IDisposable scope)
   at Microsoft.AspNetCore.RateLimiting.RateLimitingMiddleware.InvokeInternal(HttpContext context, EnableRateLimitingAttribute enableRateLimitingAttribute)
   at Microsoft.AspNetCore.Authorization.AuthorizationMiddleware.Invoke(HttpContext context)
   at Microsoft.AspNetCore.Authentication.AuthenticationMiddleware.Invoke(HttpContext context)
   at Swashbuckle.AspNetCore.SwaggerUI.SwaggerUIMiddleware.Invoke(HttpContext httpContext)
   at Swashbuckle.AspNetCore.Swagger.SwaggerMiddleware.Invoke(HttpContext httpContext, ISwaggerProvider swaggerProvider)
   at Serilog.AspNetCore.RequestLoggingMiddleware.Invoke(HttpContext httpContext)
   at FinSim.Api.Middleware.ExceptionHandlingMiddleware.InvokeAsync(HttpContext context) in D:\Universitate\Proiect Practica\FinSim\backend\FinSim\FinSimWeb.Api\Middleware\ExceptionHandlingMiddleware.cs:line 21
2026-09-16 14:01:55.723 +03:00 [INF] Now listening on: https://localhost:7015
2026-09-16 14:01:55.755 +03:00 [INF] Now listening on: http://localhost:5070
2026-09-16 14:01:55.760 +03:00 [INF] Application started. Press Ctrl+C to shut down.
2026-09-16 14:01:55.762 +03:00 [INF] Hosting environment: Development
2026-09-16 14:01:55.764 +03:00 [INF] Content root path: D:\Universitate\Proiect Practica\FinSim\backend\FinSim\FinSimWeb.Api
2026-09-16 14:01:56.351 +03:00 [INF] HTTP GET /swagger/index.html responded 200 in 86 ms (User: anonim, IP: ::1)
2026-09-16 14:01:56.511 +03:00 [INF] HTTP GET /swagger/index.js responded 200 in 2 ms (User: anonim, IP: ::1)
2026-09-16 14:01:56.729 +03:00 [INF] HTTP GET /swagger/v1/swagger.json responded 200 in 151 ms (User: anonim, IP: ::1)
2026-09-16 14:02:16.415 +03:00 [ERR] HTTP GET /api/health/check responded 500 in 74 ms (User: anonim, IP: ::1)
System.InvalidOperationException: test
   at FinSim.Api.Controllers.HealthController.Check() in D:\Universitate\Proiect Practica\FinSim\backend\FinSim\FinSimWeb.Api\Controllers\HealthController.cs:line 12
   at lambda_method2(Closure, Object, Object[])
   at Microsoft.AspNetCore.Mvc.Infrastructure.ActionMethodExecutor.SyncActionResultExecutor.Execute(ActionContext actionContext, IActionResultTypeMapper mapper, ObjectMethodExecutor executor, Object controller, Object[] arguments)
   at Microsoft.AspNetCore.Mvc.Infrastructure.ControllerActionInvoker.<InvokeActionMethodAsync>g__Logged|12_1(ControllerActionInvoker invoker)
   at Microsoft.AspNetCore.Mvc.Infrastructure.ControllerActionInvoker.<InvokeNextActionFilterAsync>g__Awaited|10_0(ControllerActionInvoker invoker, Task lastTask, State next, Scope scope, Object state, Boolean isCompleted)
   at Microsoft.AspNetCore.Mvc.Infrastructure.ControllerActionInvoker.Rethrow(ActionExecutedContextSealed context)
   at Microsoft.AspNetCore.Mvc.Infrastructure.ControllerActionInvoker.Next(State& next, Scope& scope, Object& state, Boolean& isCompleted)
   at Microsoft.AspNetCore.Mvc.Infrastructure.ControllerActionInvoker.InvokeInnerFilterAsync()
--- End of stack trace from previous location ---
   at Microsoft.AspNetCore.Mvc.Infrastructure.ResourceInvoker.<InvokeFilterPipelineAsync>g__Awaited|20_0(ResourceInvoker invoker, Task lastTask, State next, Scope scope, Object state, Boolean isCompleted)
   at Microsoft.AspNetCore.Mvc.Infrastructure.ResourceInvoker.<InvokeAsync>g__Logged|17_1(ResourceInvoker invoker)
   at Microsoft.AspNetCore.Mvc.Infrastructure.ResourceInvoker.<InvokeAsync>g__Logged|17_1(ResourceInvoker invoker)
   at Microsoft.AspNetCore.RateLimiting.RateLimitingMiddleware.InvokeInternal(HttpContext context, EnableRateLimitingAttribute enableRateLimitingAttribute)
   at Microsoft.AspNetCore.Authorization.AuthorizationMiddleware.Invoke(HttpContext context)
   at Microsoft.AspNetCore.Authentication.AuthenticationMiddleware.Invoke(HttpContext context)
   at Swashbuckle.AspNetCore.SwaggerUI.SwaggerUIMiddleware.Invoke(HttpContext httpContext)
   at Swashbuckle.AspNetCore.Swagger.SwaggerMiddleware.Invoke(HttpContext httpContext, ISwaggerProvider swaggerProvider)
   at Serilog.AspNetCore.RequestLoggingMiddleware.Invoke(HttpContext httpContext)
2026-09-16 14:02:16.452 +03:00 [ERR] Unhandled exception on GET /api/health/check (User: anonim, IP: ::1, ErrorId: "25214394-85fc-4b3a-8917-22fb9f475ab3")
System.InvalidOperationException: test
   at FinSim.Api.Controllers.HealthController.Check() in D:\Universitate\Proiect Practica\FinSim\backend\FinSim\FinSimWeb.Api\Controllers\HealthController.cs:line 12
   at lambda_method2(Closure, Object, Object[])
   at Microsoft.AspNetCore.Mvc.Infrastructure.ActionMethodExecutor.SyncActionResultExecutor.Execute(ActionContext actionContext, IActionResultTypeMapper mapper, ObjectMethodExecutor executor, Object controller, Object[] arguments)
   at Microsoft.AspNetCore.Mvc.Infrastructure.ControllerActionInvoker.<InvokeActionMethodAsync>g__Logged|12_1(ControllerActionInvoker invoker)
   at Microsoft.AspNetCore.Mvc.Infrastructure.ControllerActionInvoker.<InvokeNextActionFilterAsync>g__Awaited|10_0(ControllerActionInvoker invoker, Task lastTask, State next, Scope scope, Object state, Boolean isCompleted)
   at Microsoft.AspNetCore.Mvc.Infrastructure.ControllerActionInvoker.Rethrow(ActionExecutedContextSealed context)
   at Microsoft.AspNetCore.Mvc.Infrastructure.ControllerActionInvoker.Next(State& next, Scope& scope, Object& state, Boolean& isCompleted)
   at Microsoft.AspNetCore.Mvc.Infrastructure.ControllerActionInvoker.InvokeInnerFilterAsync()
--- End of stack trace from previous location ---
   at Microsoft.AspNetCore.Mvc.Infrastructure.ResourceInvoker.<InvokeFilterPipelineAsync>g__Awaited|20_0(ResourceInvoker invoker, Task lastTask, State next, Scope scope, Object state, Boolean isCompleted)
   at Microsoft.AspNetCore.Mvc.Infrastructure.ResourceInvoker.<InvokeAsync>g__Logged|17_1(ResourceInvoker invoker)
   at Microsoft.AspNetCore.Mvc.Infrastructure.ResourceInvoker.<InvokeAsync>g__Logged|17_1(ResourceInvoker invoker)
   at Microsoft.AspNetCore.RateLimiting.RateLimitingMiddleware.InvokeInternal(HttpContext context, EnableRateLimitingAttribute enableRateLimitingAttribute)
   at Microsoft.AspNetCore.Authorization.AuthorizationMiddleware.Invoke(HttpContext context)
   at Microsoft.AspNetCore.Authentication.AuthenticationMiddleware.Invoke(HttpContext context)
   at Swashbuckle.AspNetCore.SwaggerUI.SwaggerUIMiddleware.Invoke(HttpContext httpContext)
   at Swashbuckle.AspNetCore.Swagger.SwaggerMiddleware.Invoke(HttpContext httpContext, ISwaggerProvider swaggerProvider)
   at Serilog.AspNetCore.RequestLoggingMiddleware.Invoke(HttpContext httpContext)
   at FinSim.Api.Middleware.ExceptionHandlingMiddleware.InvokeAsync(HttpContext context) in D:\Universitate\Proiect Practica\FinSim\backend\FinSim\FinSimWeb.Api\Middleware\ExceptionHandlingMiddleware.cs:line 21
2026-09-16 14:02:51.761 +03:00 [INF] Application is shutting down...
